高坂 穂乃果	LL01-001	0034	－	http://lovelive-sic.com/cardlist/cardimages/ll_01/ll_01_001_b.jpg	－	8月3日	2年生		スマイル	クール	－	－	－	－	それは僕たちの奇跡
絢瀬 絵里	LL01-002	0035	－	http://lovelive-sic.com/cardlist/cardimages/ll_01/ll_01_002_b.jpg	－	10月21日	3年生		クール	ピュア	－	－	－	－	それは僕たちの奇跡
南 ことり	LL01-003	0036	－	http://lovelive-sic.com/cardlist/cardimages/ll_01/ll_01_003_b.jpg	－	9月12日	2年生		ピュア	スマイル	－	－	－	－	それは僕たちの奇跡
園田 海未	LL01-004	0037	－	http://lovelive-sic.com/cardlist/cardimages/ll_01/ll_01_004_b.jpg	－	3月15日	2年生		クール	ピュア	－	－	－	－	それは僕たちの奇跡
星空 凛	LL01-005	0038	－	http://lovelive-sic.com/cardlist/cardimages/ll_01/ll_01_005_b.jpg	－	11月1日	1年生		スマイル	クール	－	－	－	－	それは僕たちの奇跡
西木野 真姫	LL01-006	0039	－	http://lovelive-sic.com/cardlist/cardimages/ll_01/ll_01_006_b.jpg	－	4月19日	1年生		クール	ピュア	－	－	－	－	それは僕たちの奇跡
東條 希	LL01-007	0040	－	http://lovelive-sic.com/cardlist/cardimages/ll_01/ll_01_007_b.jpg	－	6月9日	3年生		ピュア	スマイル	－	－	－	－	それは僕たちの奇跡
小泉 花陽	LL01-008	0041	－	http://lovelive-sic.com/cardlist/cardimages/ll_01/ll_01_008_b.jpg	－	1月17日	1年生		ピュア	スマイル	－	－	－	－	それは僕たちの奇跡
矢澤 にこ	LL01-009	0042	－	http://lovelive-sic.com/cardlist/cardimages/ll_01/ll_01_009_b.jpg	－	7月22日	3年生		スマイル	クール	－	－	－	－	それは僕たちの奇跡
高坂 穂乃果	LL01-010	0043	－	http://lovelive-sic.com/cardlist/cardimages/ll_01/ll_01_010_b.jpg	－	8月3日	2年生		ピュア	ピュア	－	－	－	－	夏色えがおで1,2,Jump！
絢瀬 絵里	LL01-011	0044	－	http://lovelive-sic.com/cardlist/cardimages/ll_01/ll_01_011_b.jpg	－	10月21日	3年生		スマイル	スマイル	－	－	－	－	夏色えがおで1,2,Jump！
南 ことり	LL01-012	0045	－	http://lovelive-sic.com/cardlist/cardimages/ll_01/ll_01_012_b.jpg	－	9月12日	2年生		クール	クール	－	－	－	－	夏色えがおで1,2,Jump！
園田 海未	LL01-013	0046	－	http://lovelive-sic.com/cardlist/cardimages/ll_01/ll_01_013_b.jpg	－	3月15日	2年生		スマイル	スマイル	－	－	－	－	夏色えがおで1,2,Jump！
星空 凛	LL01-014	0047	－	http://lovelive-sic.com/cardlist/cardimages/ll_01/ll_01_014_b.jpg	－	11月1日	1年生		ピュア	ピュア	－	－	－	－	夏色えがおで1,2,Jump！
西木野 真姫	LL01-015	0048	－	http://lovelive-sic.com/cardlist/cardimages/ll_01/ll_01_015_b.jpg	－	4月19日	1年生		スマイル	スマイル	－	－	－	－	夏色えがおで1,2,Jump！
東條 希	LL01-016	0049	－	http://lovelive-sic.com/cardlist/cardimages/ll_01/ll_01_016_b.jpg	－	6月9日	3年生		クール	クール	－	－	－	－	夏色えがおで1,2,Jump！
小泉 花陽	LL01-017	0050	－	http://lovelive-sic.com/cardlist/cardimages/ll_01/ll_01_017_b.jpg	－	1月17日	1年生		クール	クール	－	－	－	－	夏色えがおで1,2,Jump！
矢澤 にこ	LL01-018	0051	－	http://lovelive-sic.com/cardlist/cardimages/ll_01/ll_01_018_b.jpg	－	7月22日	3年生		ピュア	ピュア	－	－	－	－	夏色えがおで1,2,Jump！
高坂 穂乃果	LL01-019	0052	－	http://lovelive-sic.com/cardlist/cardimages/ll_01/ll_01_019_b.jpg	－	8月3日	2年生		クール	クール	－	－	－	－	もぎゅっと“love”で接近中！
絢瀬 絵里	LL01-020	0053	－	http://lovelive-sic.com/cardlist/cardimages/ll_01/ll_01_020_b.jpg	－	10月21日	3年生		ピュア	ピュア	－	－	－	－	もぎゅっと“love”で接近中！
南 ことり	LL01-021	0054	－	http://lovelive-sic.com/cardlist/cardimages/ll_01/ll_01_021_b.jpg	－	9月12日	2年生		スマイル	スマイル	－	－	－	－	もぎゅっと“love”で接近中！
園田 海未	LL01-022	0055	－	http://lovelive-sic.com/cardlist/cardimages/ll_01/ll_01_022_b.jpg	－	3月15日	2年生		ピュア	ピュア	－	－	－	－	もぎゅっと“love”で接近中！
星空 凛	LL01-023	0056	－	http://lovelive-sic.com/cardlist/cardimages/ll_01/ll_01_023_b.jpg	－	11月1日	1年生		クール	クール	－	－	－	－	もぎゅっと“love”で接近中！
西木野 真姫	LL01-024	0057	－	http://lovelive-sic.com/cardlist/cardimages/ll_01/ll_01_024_b.jpg	－	4月19日	1年生		ピュア	ピュア	－	－	－	－	もぎゅっと“love”で接近中！
東條 希	LL01-025	0058	－	http://lovelive-sic.com/cardlist/cardimages/ll_01/ll_01_025_b.jpg	－	6月9日	3年生		スマイル	スマイル	－	－	－	－	もぎゅっと“love”で接近中！
小泉 花陽	LL01-026	0059	－	http://lovelive-sic.com/cardlist/cardimages/ll_01/ll_01_026_b.jpg	－	1月17日	1年生		スマイル	スマイル	－	－	－	－	もぎゅっと“love”で接近中！
矢澤 にこ	LL01-027	0060	－	http://lovelive-sic.com/cardlist/cardimages/ll_01/ll_01_027_b.jpg	－	7月22日	3年生		クール	クール	－	－	－	－	もぎゅっと“love”で接近中！
高坂 穂乃果	LL01-028	0061	－	http://lovelive-sic.com/cardlist/cardimages/ll_01/ll_01_028_b.jpg	－	8月3日	2年生		オール	－	－	－	スマイル	－	Happy maker!
絢瀬 絵里	LL01-029	0062	－	http://lovelive-sic.com/cardlist/cardimages/ll_01/ll_01_029_b.jpg	－	10月21日	3年生		オール	－	－	－	クール	－	Happy maker!
南 ことり	LL01-030	0063	－	http://lovelive-sic.com/cardlist/cardimages/ll_01/ll_01_030_b.jpg	－	9月12日	2年生		オール	－	－	－	ピュア	－	Happy maker!
園田 海未	LL01-031	0064	－	http://lovelive-sic.com/cardlist/cardimages/ll_01/ll_01_031_b.jpg	－	3月15日	2年生		オール	－	－	－	クール	－	Happy maker!
星空 凛	LL01-032	0065	－	http://lovelive-sic.com/cardlist/cardimages/ll_01/ll_01_032_b.jpg	－	11月1日	1年生		オール	－	－	－	スマイル	－	Happy maker!
西木野 真姫	LL01-033	0066	－	http://lovelive-sic.com/cardlist/cardimages/ll_01/ll_01_033_b.jpg	－	4月19日	1年生		オール	－	－	－	クール	－	Happy maker!
東條 希	LL01-034	0067	－	http://lovelive-sic.com/cardlist/cardimages/ll_01/ll_01_034_b.jpg	－	6月9日	3年生		オール	－	－	－	ピュア	－	Happy maker!
小泉 花陽	LL01-035	0068	－	http://lovelive-sic.com/cardlist/cardimages/ll_01/ll_01_035_b.jpg	－	1月17日	1年生		オール	－	－	－	ピュア	－	Happy maker!
矢澤 にこ	LL01-036	0069	－	http://lovelive-sic.com/cardlist/cardimages/ll_01/ll_01_036_b.jpg	－	7月22日	3年生		オール	－	－	－	スマイル	－	Happy maker!
高坂 穂乃果	LL01-037	0070	－	http://lovelive-sic.com/cardlist/cardimages/ll_01/ll_01_037_b.jpg	☆	8月3日	2年生		ピュア	－	－	－	－	RUSH	－
絢瀬 絵里	LL01-038	0071	－	http://lovelive-sic.com/cardlist/cardimages/ll_01/ll_01_038_b.jpg	☆	10月21日	3年生		クール	－	－	－	－	LIVE	－
南 ことり	LL01-039	0072	－	http://lovelive-sic.com/cardlist/cardimages/ll_01/ll_01_039_b.jpg	☆	9月12日	2年生		ピュア	－	－	－	－	LIVE	－
園田 海未	LL01-040	0073	－	http://lovelive-sic.com/cardlist/cardimages/ll_01/ll_01_040_b.jpg	☆	3月15日	2年生		クール	－	－	－	－	RUSH	－
星空 凛	LL01-041	0074	－	http://lovelive-sic.com/cardlist/cardimages/ll_01/ll_01_041_b.jpg	☆	11月1日	1年生		スマイル	－	－	－	－	LIVE	－
西木野 真姫	LL01-042	0075	－	http://lovelive-sic.com/cardlist/cardimages/ll_01/ll_01_042_b.jpg	☆	4月19日	1年生		スマイル	－	－	－	－	RUSH	－
東條 希	LL01-043	0076	－	http://lovelive-sic.com/cardlist/cardimages/ll_01/ll_01_043_b.jpg	☆	6月9日	3年生		クール	－	－	－	－	RUSH	－
小泉 花陽	LL01-044	0077	－	http://lovelive-sic.com/cardlist/cardimages/ll_01/ll_01_044_b.jpg	☆	1月17日	1年生		ピュア	－	－	－	－	RUSH	－
矢澤 にこ	LL01-045	0078	－	http://lovelive-sic.com/cardlist/cardimages/ll_01/ll_01_045_b.jpg	☆	7月22日	3年生		スマイル	－	－	－	－	RUSH	－
高坂 穂乃果	LL01-046	0079	【ライブ参加時】「穂乃果」以外の『２年生』と《ライブ》に参加するなら、＋【オール】する。	http://lovelive-sic.com/cardlist/cardimages/ll_01/ll_01_046_b.jpg	☆	8月3日	2年生		スマイル	－	－	－	－	－	－
絢瀬 絵里	LL01-047	0080	【ライブ参加時】「絵里」以外の『３年生』と《ライブ》に参加するなら、＋【オール】する。	http://lovelive-sic.com/cardlist/cardimages/ll_01/ll_01_047_b.jpg	☆	10月21日	3年生		クール	－	－	－	－	－	－
南 ことり	LL01-048	0081	【ライブ参加時】「ことり」以外の『２年生』と《ライブ》に参加するなら、＋【オール】する。	http://lovelive-sic.com/cardlist/cardimages/ll_01/ll_01_048_b.jpg	☆	9月12日	2年生		ピュア	－	－	－	－	－	－
園田 海未	LL01-049	0082	【ライブ参加時】「海未」以外の『２年生』と《ライブ》に参加するなら、＋【オール】する。	http://lovelive-sic.com/cardlist/cardimages/ll_01/ll_01_049_b.jpg	☆	3月15日	2年生		クール	－	－	－	－	－	－
星空 凛	LL01-050	0083	【ライブ参加時】「凛」以外の『１年生』と《ライブ》に参加するなら、＋【オール】する。	http://lovelive-sic.com/cardlist/cardimages/ll_01/ll_01_050_b.jpg	☆	11月1日	1年生		スマイル	－	－	－	－	－	－
西木野 真姫	LL01-051	0084	【ライブ参加時】「真姫」以外の『１年生』と《ライブ》に参加するなら、＋【オール】する。	http://lovelive-sic.com/cardlist/cardimages/ll_01/ll_01_051_b.jpg	☆	4月19日	1年生		クール	－	－	－	－	－	－
東條 希	LL01-052	0085	【ライブ参加時】「希」以外の『３年生』と《ライブ》に参加するなら、＋【オール】する。	http://lovelive-sic.com/cardlist/cardimages/ll_01/ll_01_052_b.jpg	☆	6月9日	3年生		ピュア	－	－	－	－	－	－
小泉 花陽	LL01-053	0086	【ライブ参加時】「花陽」以外の『１年生』と《ライブ》に参加するなら、＋【オール】する。	http://lovelive-sic.com/cardlist/cardimages/ll_01/ll_01_053_b.jpg	☆	1月17日	1年生		ピュア	－	－	－	－	－	－
矢澤 にこ	LL01-054	0087	【ライブ参加時】「にこ」以外の『３年生』と《ライブ》に参加するなら、＋【オール】する。	http://lovelive-sic.com/cardlist/cardimages/ll_01/ll_01_054_b.jpg	☆	7月22日	3年生		スマイル	－	－	－	－	－	－
高坂 穂乃果	LL01-055	0088	【登場時】あなたの手札がどのあいてよりも少ないなら、《勧誘》する。 （手札が４枚になるまでカードを引く。手札がすでに４枚以上あるなら、カードを引かない。）	http://lovelive-sic.com/cardlist/cardimages/ll_01/ll_01_055_b.jpg	☆☆	8月3日	2年生		スマイル	スマイル	－	－	－	－	－
絢瀬 絵里	LL01-056	0089	【ライブ参加時】あなたがすでに獲得ライブPが４点以上の楽曲カードをライブ中なら、＋【青】【青】する。（基本ライブＰと追加ライブＰを合計した点数を見る。）	http://lovelive-sic.com/cardlist/cardimages/ll_01/ll_01_056_b.jpg	☆☆	10月21日	3年生		クール	オール	－	－	－	－	－
南 ことり	LL01-057	0090	【登場時】あなたのデッキの１番上のカードを表向きにする。表向きにしたメンバーがライブ衣装で【☆】を持つなら、手札に加える。表向きにしたメンバーがライブ衣装で【☆】を持たないなら、それを《登場》する。	http://lovelive-sic.com/cardlist/cardimages/ll_01/ll_01_057_b.jpg	☆☆	9月12日	2年生		ピュア	ピュア	－	－	－	－	－
園田 海未	LL01-058	0091	【登場時】次にターンを行うあいてはあなたの手札を見ないで１枚選び、あなたはそれを全員に見せる。そのメンバーが【☆】を持たないなら、《登場》する。そうでないなら、それを手札に戻す。	http://lovelive-sic.com/cardlist/cardimages/ll_01/ll_01_058_b.jpg	☆☆	3月15日	2年生		クール	オール	－	－	－	－	－
星空 凛	LL01-059	0092	【ライブ参加時】あなたのライブ中の楽曲カードが２枚以上あるなら、＋【オール】する。（このメンバーが参加する《ライブ》は枚数に含めない。）	http://lovelive-sic.com/cardlist/cardimages/ll_01/ll_01_059_b.jpg	☆☆	11月1日	1年生		オール	－	－	－	－	RUSH	－
西木野 真姫	LL01-060	0093	【登場時】あなたのセットリストにある裏向きのカード１枚を表向きにする。	http://lovelive-sic.com/cardlist/cardimages/ll_01/ll_01_060_b.jpg	☆☆	4月19日	1年生		クール	クール	－	－	－	－	－
東條 希	LL01-061	0094	【登場時】カードを２枚引く。その後、手札１枚を裏向きでデッキの１番上か１番下に置く。	http://lovelive-sic.com/cardlist/cardimages/ll_01/ll_01_061_b.jpg	☆☆	6月9日	3年生		ピュア	ピュア	－	－	－	－	－
小泉 花陽	LL01-062	0095	【ライブ参加時】共通スコアの楽曲カードの《ライブ》に参加するなら、＋【緑】【緑】【緑】する。	http://lovelive-sic.com/cardlist/cardimages/ll_01/ll_01_062_b.jpg	☆☆	1月17日	1年生		ピュア	－	－	－	－	－	－
矢澤 にこ	LL01-063	0096	【登場時】あなたのライブPがどのあいてよりも低いなら、デッキの１番上のカードを《登場》する。 【ライブ参加時】あなたのライブＰがどのあいてよりも高いなら、＋【赤】する。	http://lovelive-sic.com/cardlist/cardimages/ll_01/ll_01_063_b.jpg	☆☆	7月22日	3年生		スマイル	スマイル	－	－	－	－	－
高坂 穂乃果	LL01-076	0109	－	http://lovelive-sic.com/cardlist/cardimages/SECRET.jpg	☆☆☆	8月3日	2年生		オール	オール	オール	－	－	－	Angelic Angel
絢瀬 絵里	LL01-077	0110	－	http://lovelive-sic.com/cardlist/cardimages/SECRET.jpg	☆☆☆	10月21日	3年生		オール	オール	オール	－	－	－	Angelic Angel
南 ことり	LL01-078	0111	－	http://lovelive-sic.com/cardlist/cardimages/SECRET.jpg	☆☆☆	9月12日	2年生		オール	オール	オール	－	－	－	Angelic Angel
園田 海未	LL01-079	0112	－	http://lovelive-sic.com/cardlist/cardimages/SECRET.jpg	☆☆☆	3月15日	2年生		オール	オール	オール	－	－	－	Angelic Angel
星空 凛	LL01-080	0113	－	http://lovelive-sic.com/cardlist/cardimages/SECRET.jpg	☆☆☆	11月1日	1年生		オール	オール	オール	－	－	－	Angelic Angel
西木野 真姫	LL01-081	0114	－	http://lovelive-sic.com/cardlist/cardimages/SECRET.jpg	☆☆☆	4月19日	1年生		オール	オール	オール	－	－	－	Angelic Angel
東條 希	LL01-082	0115	－	http://lovelive-sic.com/cardlist/cardimages/SECRET.jpg	☆☆☆	6月9日	3年生		オール	オール	オール	－	－	－	Angelic Angel
小泉 花陽	LL01-083	0116	－	http://lovelive-sic.com/cardlist/cardimages/SECRET.jpg	☆☆☆	1月17日	1年生		オール	オール	オール	－	－	－	Angelic Angel
矢澤 にこ	LL01-084	0117	－	http://lovelive-sic.com/cardlist/cardimages/SECRET.jpg	☆☆☆	7月22日	3年生		オール	オール	オール	－	－	－	Angelic Angel
高坂 穂乃果	LL01-085	0109	－	http://lovelive-sic.com/cardlist/cardimages/SECRET.jpg	☆☆☆	8月3日	2年生		オール	オール	オール	－	－	－	Angelic Angel
絢瀬 絵里	LL01-086	0110	－	http://lovelive-sic.com/cardlist/cardimages/SECRET.jpg	☆☆☆	10月21日	3年生		オール	オール	オール	－	－	－	Angelic Angel
南 ことり	LL01-087	0111	－	http://lovelive-sic.com/cardlist/cardimages/SECRET.jpg	☆☆☆	9月12日	2年生		オール	オール	オール	－	－	－	Angelic Angel
園田 海未	LL01-088	0112	－	http://lovelive-sic.com/cardlist/cardimages/SECRET.jpg	☆☆☆	3月15日	2年生		オール	オール	オール	－	－	－	Angelic Angel
星空 凛	LL01-089	0113	－	http://lovelive-sic.com/cardlist/cardimages/SECRET.jpg	☆☆☆	11月1日	1年生		オール	オール	オール	－	－	－	Angelic Angel
西木野 真姫	LL01-090	0114	－	http://lovelive-sic.com/cardlist/cardimages/SECRET.jpg	☆☆☆	4月19日	1年生		オール	オール	オール	－	－	－	Angelic Angel
東條 希	LL01-091	0115	－	http://lovelive-sic.com/cardlist/cardimages/SECRET.jpg	☆☆☆	6月9日	3年生		オール	オール	オール	－	－	－	Angelic Angel
小泉 花陽	LL01-092	0116	－	http://lovelive-sic.com/cardlist/cardimages/SECRET.jpg	☆☆☆	1月17日	1年生		オール	オール	オール	－	－	－	Angelic Angel
矢澤 にこ	LL01-093	0117	－	http://lovelive-sic.com/cardlist/cardimages/SECRET.jpg	☆☆☆	7月22日	3年生		オール	オール	オール	－	－	－	Angelic Angel
高坂 穂乃果	LL02-001	0131	－	http://lovelive-sic.com/cardlist/cardimages/ll_02/ll_02_001_b.jpg	－	8月3日	2年生		オール	－	－	－	ピュア	－	KiRa-KiRa Sensation!
絢瀬 絵里	LL02-002	0132	－	http://lovelive-sic.com/cardlist/cardimages/ll_02/ll_02_002_b.jpg	－	10月21日	3年生		オール	－	－	－	スマイル	－	KiRa-KiRa Sensation!
南 ことり	LL02-003	0133	－	http://lovelive-sic.com/cardlist/cardimages/ll_02/ll_02_003_b.jpg	－	9月12日	2年生		オール	－	－	－	クール	－	KiRa-KiRa Sensation!
園田 海未	LL02-004	0134	－	http://lovelive-sic.com/cardlist/cardimages/ll_02/ll_02_004_b.jpg	－	3月15日	2年生		オール	－	－	－	スマイル	－	KiRa-KiRa Sensation!
星空 凛	LL02-005	0135	－	http://lovelive-sic.com/cardlist/cardimages/ll_02/ll_02_005_b.jpg	－	11月1日	1年生		オール	－	－	－	ピュア	－	KiRa-KiRa Sensation!
西木野 真姫	LL02-006	0136	－	http://lovelive-sic.com/cardlist/cardimages/ll_02/ll_02_006_b.jpg	－	4月19日	1年生		オール	－	－	－	スマイル	－	KiRa-KiRa Sensation!
東條 希	LL02-007	0137	－	http://lovelive-sic.com/cardlist/cardimages/ll_02/ll_02_007_b.jpg	－	6月9日	3年生		オール	－	－	－	クール	－	KiRa-KiRa Sensation!
小泉 花陽	LL02-008	0138	－	http://lovelive-sic.com/cardlist/cardimages/ll_02/ll_02_008_b.jpg	－	1月17日	1年生		オール	－	－	－	クール	－	KiRa-KiRa Sensation!
矢澤 にこ	LL02-009	0139	－	http://lovelive-sic.com/cardlist/cardimages/ll_02/ll_02_009_b.jpg	－	7月22日	3年生		オール	－	－	－	ピュア	－	KiRa-KiRa Sensation!
高坂 穂乃果	LL02-010	0140	－	http://lovelive-sic.com/cardlist/cardimages/ll_02/ll_02_010_b.jpg	－	8月3日	2年生		スマイル	スマイル	－	－	－	－	Wonderful Rush
絢瀬 絵里	LL02-011	0141	－	http://lovelive-sic.com/cardlist/cardimages/ll_02/ll_02_011_b.jpg	－	10月21日	3年生		クール	クール	－	－	－	－	Wonderful Rush
南 ことり	LL02-012	0142	－	http://lovelive-sic.com/cardlist/cardimages/ll_02/ll_02_012_b.jpg	－	9月12日	2年生		ピュア	ピュア	－	－	－	－	Wonderful Rush
園田 海未	LL02-013	0143	－	http://lovelive-sic.com/cardlist/cardimages/ll_02/ll_02_013_b.jpg	－	3月15日	2年生		クール	クール	－	－	－	－	Wonderful Rush
星空 凛	LL02-014	0144	－	http://lovelive-sic.com/cardlist/cardimages/ll_02/ll_02_014_b.jpg	－	11月1日	1年生		スマイル	スマイル	－	－	－	－	Wonderful Rush
西木野 真姫	LL02-015	0145	－	http://lovelive-sic.com/cardlist/cardimages/ll_02/ll_02_015_b.jpg	－	4月19日	1年生		クール	クール	－	－	－	－	Wonderful Rush
東條 希	LL02-016	0146	－	http://lovelive-sic.com/cardlist/cardimages/ll_02/ll_02_016_b.jpg	－	6月9日	3年生		ピュア	ピュア	－	－	－	－	Wonderful Rush
小泉 花陽	LL02-017	0147	－	http://lovelive-sic.com/cardlist/cardimages/ll_02/ll_02_017_b.jpg	－	1月17日	1年生		ピュア	ピュア	－	－	－	－	Wonderful Rush
矢澤 にこ	LL02-018	0148	－	http://lovelive-sic.com/cardlist/cardimages/ll_02/ll_02_018_b.jpg	－	7月22日	3年生		スマイル	スマイル	－	－	－	－	Wonderful Rush
高坂 穂乃果	LL02-019	0149	－	http://lovelive-sic.com/cardlist/cardimages/ll_02/ll_02_019_b.jpg	－	8月3日	2年生		スマイル	ピュア	－	－	－	－	ユメノトビラ
絢瀬 絵里	LL02-020	0150	－	http://lovelive-sic.com/cardlist/cardimages/ll_02/ll_02_020_b.jpg	－	10月21日	3年生		クール	スマイル	－	－	－	－	ユメノトビラ
南 ことり	LL02-021	0151	－	http://lovelive-sic.com/cardlist/cardimages/ll_02/ll_02_021_b.jpg	－	9月12日	2年生		ピュア	クール	－	－	－	－	ユメノトビラ
園田 海未	LL02-022	0152	－	http://lovelive-sic.com/cardlist/cardimages/ll_02/ll_02_022_b.jpg	－	3月15日	2年生		クール	スマイル	－	－	－	－	ユメノトビラ
星空 凛	LL02-023	0153	－	http://lovelive-sic.com/cardlist/cardimages/ll_02/ll_02_023_b.jpg	－	11月1日	1年生		スマイル	ピュア	－	－	－	－	ユメノトビラ
西木野 真姫	LL02-024	0154	－	http://lovelive-sic.com/cardlist/cardimages/ll_02/ll_02_024_b.jpg	－	4月19日	1年生		クール	スマイル	－	－	－	－	ユメノトビラ
東條 希	LL02-025	0155	－	http://lovelive-sic.com/cardlist/cardimages/ll_02/ll_02_025_b.jpg	－	6月9日	3年生		ピュア	クール	－	－	－	－	ユメノトビラ
小泉 花陽	LL02-026	0156	－	http://lovelive-sic.com/cardlist/cardimages/ll_02/ll_02_026_b.jpg	－	1月17日	1年生		ピュア	クール	－	－	－	－	ユメノトビラ
矢澤 にこ	LL02-027	0157	－	http://lovelive-sic.com/cardlist/cardimages/ll_02/ll_02_027_b.jpg	－	7月22日	3年生		スマイル	ピュア	－	－	－	－	ユメノトビラ
高坂 穂乃果	LL02-028	0158	－	http://lovelive-sic.com/cardlist/cardimages/ll_02/ll_02_028_b.jpg	－	8月3日	2年生		ピュア	クール	－	－	－	－	Snow halation
絢瀬 絵里	LL02-029	0159	－	http://lovelive-sic.com/cardlist/cardimages/ll_02/ll_02_029_b.jpg	－	10月21日	3年生		スマイル	ピュア	－	－	－	－	Snow halation
南 ことり	LL02-030	0160	－	http://lovelive-sic.com/cardlist/cardimages/ll_02/ll_02_030_b.jpg	－	9月12日	2年生		クール	スマイル	－	－	－	－	Snow halation
園田 海未	LL02-031	0161	－	http://lovelive-sic.com/cardlist/cardimages/ll_02/ll_02_031_b.jpg	－	3月15日	2年生		スマイル	ピュア	－	－	－	－	Snow halation
星空 凛	LL02-032	0162	－	http://lovelive-sic.com/cardlist/cardimages/ll_02/ll_02_032_b.jpg	－	11月1日	1年生		ピュア	クール	－	－	－	－	Snow halation
西木野 真姫	LL02-033	0163	－	http://lovelive-sic.com/cardlist/cardimages/ll_02/ll_02_033_b.jpg	－	4月19日	1年生		スマイル	ピュア	－	－	－	－	Snow halation
東條 希	LL02-034	0164	－	http://lovelive-sic.com/cardlist/cardimages/ll_02/ll_02_034_b.jpg	－	6月9日	3年生		クール	スマイル	－	－	－	－	Snow halation
小泉 花陽	LL02-035	0165	－	http://lovelive-sic.com/cardlist/cardimages/ll_02/ll_02_035_b.jpg	－	1月17日	1年生		クール	スマイル	－	－	－	－	Snow halation
矢澤 にこ	LL02-036	0166	－	http://lovelive-sic.com/cardlist/cardimages/ll_02/ll_02_036_b.jpg	－	7月22日	3年生		ピュア	クール	－	－	－	－	Snow halation
高坂 穂乃果	LL02-037	0167	－	http://lovelive-sic.com/cardlist/cardimages/ll_02/ll_02_037_b.jpg	☆	8月3日	2年生		スマイル	－	－	－	－	LIVE	－
絢瀬 絵里	LL02-038	0168	－	http://lovelive-sic.com/cardlist/cardimages/ll_02/ll_02_038_b.jpg	☆	10月21日	3年生		スマイル	－	－	－	－	RUSH	－
南 ことり	LL02-039	0169	－	http://lovelive-sic.com/cardlist/cardimages/ll_02/ll_02_039_b.jpg	☆	9月12日	2年生		クール	－	－	－	－	RUSH	－
園田 海未	LL02-040	0170	－	http://lovelive-sic.com/cardlist/cardimages/ll_02/ll_02_040_b.jpg	☆	3月15日	2年生		ピュア	－	－	－	－	LIVE	－
星空 凛	LL02-041	0171	－	http://lovelive-sic.com/cardlist/cardimages/ll_02/ll_02_041_b.jpg	☆	11月1日	1年生		ピュア	－	－	－	－	RUSH	－
西木野 真姫	LL02-042	0172	－	http://lovelive-sic.com/cardlist/cardimages/ll_02/ll_02_042_b.jpg	☆	4月19日	1年生		クール	－	－	－	－	LIVE	－
東條 希	LL02-043	0173	－	http://lovelive-sic.com/cardlist/cardimages/ll_02/ll_02_043_b.jpg	☆	6月9日	3年生		ピュア	－	－	－	－	LIVE	－
小泉 花陽	LL02-044	0174	－	http://lovelive-sic.com/cardlist/cardimages/ll_02/ll_02_044_b.jpg	☆	1月17日	1年生		スマイル	－	－	－	－	LIVE	－
矢澤 にこ	LL02-045	0175	－	http://lovelive-sic.com/cardlist/cardimages/ll_02/ll_02_045_b.jpg	☆	7月22日	3年生		クール	－	－	－	－	LIVE	－
高坂 穂乃果	LL02-046	0176	【ライブ参加時】「ことり」か「花陽」と《ライブ》に参加するなら、＋【オール】する。	http://lovelive-sic.com/cardlist/cardimages/ll_02/ll_02_046_b.jpg	☆	8月3日	2年生		スマイル	－	－	－	－	－	－
絢瀬 絵里	LL02-047	0177	【ライブ参加時】「真姫」か「にこ」と《ライブ》に参加するなら、＋【オール】する。	http://lovelive-sic.com/cardlist/cardimages/ll_02/ll_02_047_b.jpg	☆	10月21日	3年生		クール	－	－	－	－	－	－
南 ことり	LL02-048	0178	【ライブ参加時】「穂乃果」か「花陽」と《ライブ》に参加するなら、＋【オール】する。	http://lovelive-sic.com/cardlist/cardimages/ll_02/ll_02_048_b.jpg	☆	9月12日	2年生		ピュア	－	－	－	－	－	－
園田 海未	LL02-049	0179	【ライブ参加時】「凛」か「希」と《ライブ》に参加するなら、＋【オール】する。	http://lovelive-sic.com/cardlist/cardimages/ll_02/ll_02_049_b.jpg	☆	3月15日	2年生		クール	－	－	－	－	－	－
星空 凛	LL02-050	0180	【ライブ参加時】「海未」か「希」と《ライブ》に参加するなら、＋【オール】する。	http://lovelive-sic.com/cardlist/cardimages/ll_02/ll_02_050_b.jpg	☆	11月1日	1年生		スマイル	－	－	－	－	－	－
西木野 真姫	LL02-051	0181	【ライブ参加時】「絵里」か「にこ」と《ライブ》に参加するなら、＋【オール】する。	http://lovelive-sic.com/cardlist/cardimages/ll_02/ll_02_051_b.jpg	☆	4月19日	1年生		クール	－	－	－	－	－	－
東條 希	LL02-052	0182	【ライブ参加時】「海未」か「凛」と《ライブ》に参加するなら、＋【オール】する。	http://lovelive-sic.com/cardlist/cardimages/ll_02/ll_02_052_b.jpg	☆	6月9日	3年生		ピュア	－	－	－	－	－	－
小泉 花陽	LL02-053	0183	【ライブ参加時】「穂乃果」か「ことり」と《ライブ》に参加するなら、＋【オール】する。	http://lovelive-sic.com/cardlist/cardimages/ll_02/ll_02_053_b.jpg	☆	1月17日	1年生		ピュア	－	－	－	－	－	－
矢澤 にこ	LL02-054	0184	【ライブ参加時】「絵里」か「真姫」と《ライブ》に参加するなら、＋【オール】する。	http://lovelive-sic.com/cardlist/cardimages/ll_02/ll_02_054_b.jpg	☆	7月22日	3年生		スマイル	－	－	－	－	－	－
高坂 穂乃果	LL02-055	0185	【登場時】あなたの手札を全員に見せてよい。そうして、見せた手札の中に「穂乃果」のカードが２枚以上あるなら、デッキの１番上のカードを《登場》する。（その後、手札を元に戻す。）	http://lovelive-sic.com/cardlist/cardimages/ll_02/ll_02_055_b.jpg	☆☆	8月3日	2年生		スマイル	－	－	－	－	－	－
絢瀬 絵里	LL02-056	0186	【登場時】あなたの待機中の「絵里」（このメンバーも含む）１人を手札に戻す。そのメンバーが持つ【☆】１個につき、カードを１枚引く。	http://lovelive-sic.com/cardlist/cardimages/ll_02/ll_02_056_b.jpg	☆☆	10月21日	3年生		クール	クール	クール	－	－	－	－
南 ことり	LL02-057	0187	【ライブ参加時】この《ライブ》に参加しないあなたの待機中のメンバー１人を裏向きでデッキの１番下に置いてよい。そうしたら、＋【オール】する。下に置いたのが「ことり」なら、さらに＋【オール】する。	http://lovelive-sic.com/cardlist/cardimages/ll_02/ll_02_057_b.jpg	☆☆	9月12日	2年生		ピュア	－	－	－	－	LIVE	－
園田 海未	LL02-058	0188	【登場時】あなたは手札１枚を全員に見せて裏向きでデッキの１番下に置いてよい。そうしたら、カードを１枚引く。下に置いたのが「海未」なら、さらにカードを１枚引く。	http://lovelive-sic.com/cardlist/cardimages/ll_02/ll_02_058_b.jpg	☆☆	3月15日	2年生		クール	オール	－	－	－	－	－
星空 凛	LL02-059	0189	【登場時】【RUSH】によって《登場》したなら、デッキの１番上のカードを《登場》する。「凛」の【RUSH】によって《登場》したなら、さらにカードを１枚引く。（デッキから《登場》したメンバーの【登場時】より先にカードを１枚引く。）	http://lovelive-sic.com/cardlist/cardimages/ll_02/ll_02_059_b.jpg	☆☆	11月1日	1年生		スマイル	スマイル	－	－	－	－	－
西木野 真姫	LL02-060	0190	【登場時】「真姫」以外のあなたの待機中のメンバーがいるなら、その中の１人を手札に戻す。その後、デッキの１番上のカードを《登場》する。（メンバーを戻せなくても、デッキの１番上のカードを《登場》できる。）	http://lovelive-sic.com/cardlist/cardimages/ll_02/ll_02_060_b.jpg	☆☆	4月19日	1年生		クール	－	－	－	－	－	－
東條 希	LL02-061	0191	【登場時】あなたのデッキの１番上のカードを表向きにする。表向きにしたメンバーがあなたの待機中のメンバーの誰かと同じ名前なら、《勧誘》する。（手札が４枚になるまでカードを引く。）	http://lovelive-sic.com/cardlist/cardimages/ll_02/ll_02_061_b.jpg	☆☆	6月9日	3年生		オール	－	－	－	－	－	－
小泉 花陽	LL02-062	0192	【登場時】あなたのデッキの１番上のカードを表向きにする。表向きにしたメンバーがあなたの待機中のすべてのメンバーと名前が異なるなら、それを《登場》する。表向きにしたメンバーが「花陽」なら、それを手札に加え、カードを１枚引く。	http://lovelive-sic.com/cardlist/cardimages/ll_02/ll_02_062_b.jpg	☆☆	1月17日	1年生		ピュア	ピュア	－	－	－	－	－
矢澤 にこ	LL02-063	0193	【ライブ参加時】この《ライブ》に参加するメンバーカードの半分以上が「にこ」なら、＋【赤】する。	http://lovelive-sic.com/cardlist/cardimages/ll_02/ll_02_063_b.jpg	☆☆	7月22日	3年生		オール	－	－	－	－	LIVE	－
高坂 穂乃果	LL02-076	0206	－	http://lovelive-sic.com/cardlist/cardimages/SECRET.jpg	☆☆☆	8月3日	2年生		スマイル	スマイル	スマイル	オール	－	－	SUNNY DAY SONG
絢瀬 絵里	LL02-077	0207	－	http://lovelive-sic.com/cardlist/cardimages/SECRET.jpg	☆☆☆	10月21日	3年生		クール	クール	クール	オール	－	－	SUNNY DAY SONG
南 ことり	LL02-078	0208	－	http://lovelive-sic.com/cardlist/cardimages/SECRET.jpg	☆☆☆	9月12日	2年生		ピュア	ピュア	ピュア	オール	－	－	SUNNY DAY SONG
園田 海未	LL02-079	0209	－	http://lovelive-sic.com/cardlist/cardimages/SECRET.jpg	☆☆☆	3月15日	2年生		クール	クール	クール	オール	－	－	SUNNY DAY SONG
星空 凛	LL02-080	0210	－	http://lovelive-sic.com/cardlist/cardimages/SECRET.jpg	☆☆☆	11月1日	1年生		スマイル	スマイル	スマイル	オール	－	－	SUNNY DAY SONG
西木野 真姫	LL02-081	0211	－	http://lovelive-sic.com/cardlist/cardimages/SECRET.jpg	☆☆☆	4月19日	1年生		クール	クール	クール	オール	－	－	SUNNY DAY SONG
東條 希	LL02-082	0212	－	http://lovelive-sic.com/cardlist/cardimages/SECRET.jpg	☆☆☆	6月9日	3年生		ピュア	ピュア	ピュア	オール	－	－	SUNNY DAY SONG
小泉 花陽	LL02-083	0213	－	http://lovelive-sic.com/cardlist/cardimages/SECRET.jpg	☆☆☆	1月17日	1年生		ピュア	ピュア	ピュア	オール	－	－	SUNNY DAY SONG
矢澤 にこ	LL02-084	0214	－	http://lovelive-sic.com/cardlist/cardimages/SECRET.jpg	☆☆☆	7月22日	3年生		スマイル	スマイル	スマイル	オール	－	－	SUNNY DAY SONG
高坂 穂乃果	LL02-085	0206	－	http://lovelive-sic.com/cardlist/cardimages/SECRET.jpg	☆☆☆	8月3日	2年生		スマイル	スマイル	スマイル	オール	－	－	SUNNY DAY SONG
絢瀬 絵里	LL02-086	0207	－	http://lovelive-sic.com/cardlist/cardimages/SECRET.jpg	☆☆☆	10月21日	3年生		クール	クール	クール	オール	－	－	SUNNY DAY SONG
南 ことり	LL02-087	0208	－	http://lovelive-sic.com/cardlist/cardimages/SECRET.jpg	☆☆☆	9月12日	2年生		ピュア	ピュア	ピュア	オール	－	－	SUNNY DAY SONG
園田 海未	LL02-088	0209	－	http://lovelive-sic.com/cardlist/cardimages/SECRET.jpg	☆☆☆	3月15日	2年生		クール	クール	クール	オール	－	－	SUNNY DAY SONG
星空 凛	LL02-089	0210	－	http://lovelive-sic.com/cardlist/cardimages/SECRET.jpg	☆☆☆	11月1日	1年生		スマイル	スマイル	スマイル	オール	－	－	SUNNY DAY SONG
西木野 真姫	LL02-090	0211	－	http://lovelive-sic.com/cardlist/cardimages/SECRET.jpg	☆☆☆	4月19日	1年生		クール	クール	クール	オール	－	－	SUNNY DAY SONG
東條 希	LL02-091	0212	－	http://lovelive-sic.com/cardlist/cardimages/SECRET.jpg	☆☆☆	6月9日	3年生		ピュア	ピュア	ピュア	オール	－	－	SUNNY DAY SONG
小泉 花陽	LL02-092	0213	－	http://lovelive-sic.com/cardlist/cardimages/SECRET.jpg	☆☆☆	1月17日	1年生		ピュア	ピュア	ピュア	オール	－	－	SUNNY DAY SONG
矢澤 にこ	LL02-093	0214	－	http://lovelive-sic.com/cardlist/cardimages/SECRET.jpg	☆☆☆	7月22日	3年生		スマイル	スマイル	スマイル	オール	－	－	SUNNY DAY SONG
高坂 穂乃果	LL03-001	224	―	http://lovelive-sic.com/cardlist/cardimages/ll_03/ll_03_001_b.jpg	―	8月3日	2年生		クール	クール	―	―	―	―	僕らは今のなかで
絢瀬 絵里	LL03-002	225	―	http://lovelive-sic.com/cardlist/cardimages/ll_03/ll_03_002_b.jpg	―	10月21日	3年生		ピュア	ピュア	―	―	―	―	僕らは今のなかで
南 ことり	LL03-003	226	―	http://lovelive-sic.com/cardlist/cardimages/ll_03/ll_03_003_b.jpg	―	9月12日	2年生		スマイル	スマイル	―	―	―	―	僕らは今のなかで
園田 海未	LL03-004	227	―	http://lovelive-sic.com/cardlist/cardimages/ll_03/ll_03_004_b.jpg	―	3月15日	2年生		ピュア	ピュア	―	―	―	―	僕らは今のなかで
星空 凛	LL03-005	228	―	http://lovelive-sic.com/cardlist/cardimages/ll_03/ll_03_005_b.jpg	―	11月1日	1年生		クール	クール	―	―	―	―	僕らは今のなかで
西木野 真姫	LL03-006	229	―	http://lovelive-sic.com/cardlist/cardimages/ll_03/ll_03_006_b.jpg	―	4月19日	1年生		ピュア	ピュア	―	―	―	―	僕らは今のなかで
東條 希	LL03-007	230	―	http://lovelive-sic.com/cardlist/cardimages/ll_03/ll_03_007_b.jpg	―	6月9日	3年生		スマイル	スマイル	―	―	―	―	僕らは今のなかで
小泉 花陽	LL03-008	231	―	http://lovelive-sic.com/cardlist/cardimages/ll_03/ll_03_008_b.jpg	―	1月17日	1年生		スマイル	スマイル	―	―	―	―	僕らは今のなかで
矢澤 にこ	LL03-009	232	―	http://lovelive-sic.com/cardlist/cardimages/ll_03/ll_03_009_b.jpg	―	7月22日	3年生		クール	クール	―	―	―	―	僕らは今のなかで
高坂 穂乃果	LL03-010	233	―	http://lovelive-sic.com/cardlist/cardimages/ll_03/ll_03_010_b.jpg	―	8月3日	2年生		ピュア	ピュア	―	―	―	―	Music S.T.A.R.T!!
絢瀬 絵里	LL03-011	234	―	http://lovelive-sic.com/cardlist/cardimages/ll_03/ll_03_011_b.jpg	―	10月21日	3年生		スマイル	スマイル	―	―	―	―	Music S.T.A.R.T!!
南 ことり	LL03-012	235	―	http://lovelive-sic.com/cardlist/cardimages/ll_03/ll_03_012_b.jpg	―	9月12日	2年生		クール	クール	―	―	―	―	Music S.T.A.R.T!!
園田 海未	LL03-013	236	―	http://lovelive-sic.com/cardlist/cardimages/ll_03/ll_03_013_b.jpg	―	3月15日	2年生		スマイル	スマイル	―	―	―	―	Music S.T.A.R.T!!
星空 凛	LL03-014	237	―	http://lovelive-sic.com/cardlist/cardimages/ll_03/ll_03_014_b.jpg	―	11月1日	1年生		ピュア	ピュア	―	―	―	―	Music S.T.A.R.T!!
西木野 真姫	LL03-015	238	―	http://lovelive-sic.com/cardlist/cardimages/ll_03/ll_03_015_b.jpg	―	4月19日	1年生		スマイル	スマイル	―	―	―	―	Music S.T.A.R.T!!
東條 希	LL03-016	239	―	http://lovelive-sic.com/cardlist/cardimages/ll_03/ll_03_016_b.jpg	―	6月9日	3年生		クール	クール	―	―	―	―	Music S.T.A.R.T!!
小泉 花陽	LL03-017	240	―	http://lovelive-sic.com/cardlist/cardimages/ll_03/ll_03_017_b.jpg	―	1月17日	1年生		クール	クール	―	―	―	―	Music S.T.A.R.T!!
矢澤 にこ	LL03-018	241	―	http://lovelive-sic.com/cardlist/cardimages/ll_03/ll_03_018_b.jpg	―	7月22日	3年生		ピュア	ピュア	―	―	―	―	Music S.T.A.R.T!!
高坂 穂乃果	LL03-019	242	―	http://lovelive-sic.com/cardlist/cardimages/ll_03/ll_03_019_b.jpg	―	8月3日	2年生		スマイル	クール	―	―	―	―	WAO-WAO Powerful day!
絢瀬 絵里	LL03-020	243	―	http://lovelive-sic.com/cardlist/cardimages/ll_03/ll_03_020_b.jpg	―	10月21日	3年生		クール	ピュア	―	―	―	―	錯覚CROSSROADS
南 ことり	LL03-021	244	―	http://lovelive-sic.com/cardlist/cardimages/ll_03/ll_03_021_b.jpg	―	9月12日	2年生		ピュア	スマイル	―	―	―	―	WAO-WAO Powerful day!
園田 海未	LL03-022	245	―	http://lovelive-sic.com/cardlist/cardimages/ll_03/ll_03_022_b.jpg	―	3月15日	2年生		クール	ピュア	―	―	―	―	思い出以上になりたくて
星空 凛	LL03-023	246	―	http://lovelive-sic.com/cardlist/cardimages/ll_03/ll_03_023_b.jpg	―	11月1日	1年生		スマイル	クール	―	―	―	―	思い出以上になりたくて
西木野 真姫	LL03-024	247	―	http://lovelive-sic.com/cardlist/cardimages/ll_03/ll_03_024_b.jpg	―	4月19日	1年生		クール	ピュア	―	―	―	―	錯覚CROSSROADS
東條 希	LL03-025	248	―	http://lovelive-sic.com/cardlist/cardimages/ll_03/ll_03_025_b.jpg	―	6月9日	3年生		ピュア	スマイル	―	―	―	―	思い出以上になりたくて
小泉 花陽	LL03-026	249	―	http://lovelive-sic.com/cardlist/cardimages/ll_03/ll_03_026_b.jpg	―	1月17日	1年生		ピュア	スマイル	―	―	―	―	WAO-WAO Powerful day!
矢澤 にこ	LL03-027	250	―	http://lovelive-sic.com/cardlist/cardimages/ll_03/ll_03_027_b.jpg	―	7月22日	3年生		スマイル	クール	―	―	―	―	錯覚CROSSROADS
高坂 穂乃果	LL03-028	251	―	http://lovelive-sic.com/cardlist/cardimages/ll_03/ll_03_028_b.jpg	―	8月3日	2年生		オール	―	―	―	クール	―	MOMENT RING
絢瀬 絵里	LL03-029	252	―	http://lovelive-sic.com/cardlist/cardimages/ll_03/ll_03_029_b.jpg	―	10月21日	3年生		オール	―	―	―	ピュア	―	MOMENT RING
南 ことり	LL03-030	253	―	http://lovelive-sic.com/cardlist/cardimages/ll_03/ll_03_030_b.jpg	―	9月12日	2年生		オール	―	―	―	スマイル	―	MOMENT RING
園田 海未	LL03-031	254	―	http://lovelive-sic.com/cardlist/cardimages/ll_03/ll_03_031_b.jpg	―	3月15日	2年生		オール	―	―	―	ピュア	―	MOMENT RING
星空 凛	LL03-032	255	―	http://lovelive-sic.com/cardlist/cardimages/ll_03/ll_03_032_b.jpg	―	11月1日	1年生		オール	―	―	―	クール	―	MOMENT RING
西木野 真姫	LL03-033	256	―	http://lovelive-sic.com/cardlist/cardimages/ll_03/ll_03_033_b.jpg	―	4月19日	1年生		オール	―	―	―	ピュア	―	MOMENT RING
東條 希	LL03-034	257	―	http://lovelive-sic.com/cardlist/cardimages/ll_03/ll_03_034_b.jpg	―	6月9日	3年生		オール	―	―	―	スマイル	―	MOMENT RING
小泉 花陽	LL03-035	258	―	http://lovelive-sic.com/cardlist/cardimages/ll_03/ll_03_035_b.jpg	―	1月17日	1年生		オール	―	―	―	スマイル	―	MOMENT RING
矢澤 にこ	LL03-036	259	―	http://lovelive-sic.com/cardlist/cardimages/ll_03/ll_03_036_b.jpg	―	7月22日	3年生		オール	―	―	―	クール	―	MOMENT RING
高坂 穂乃果	LL03-037	260	―	http://lovelive-sic.com/cardlist/cardimages/ll_03/ll_03_037_b.jpg	☆	8月3日	2年生		クール	―	―	―	―	LIVE	―
絢瀬 絵里	LL03-038	261	―	http://lovelive-sic.com/cardlist/cardimages/ll_03/ll_03_038_b.jpg	☆	10月21日	3年生		ピュア	―	―	―	―	LIVE	―
南 ことり	LL03-039	262	―	http://lovelive-sic.com/cardlist/cardimages/ll_03/ll_03_039_b.jpg	☆	9月12日	2年生		スマイル	―	―	―	―	LIVE	―
園田 海未	LL03-040	263	―	http://lovelive-sic.com/cardlist/cardimages/ll_03/ll_03_040_b.jpg	☆	3月15日	2年生		スマイル	―	―	―	―	RUSH	―
星空 凛	LL03-041	264	―	http://lovelive-sic.com/cardlist/cardimages/ll_03/ll_03_041_b.jpg	☆	11月1日	1年生		クール	―	―	―	―	LIVE	―
西木野 真姫	LL03-042	265	―	http://lovelive-sic.com/cardlist/cardimages/ll_03/ll_03_042_b.jpg	☆	4月19日	1年生		ピュア	―	―	―	―	LIVE	―
東條 希	LL03-043	266	―	http://lovelive-sic.com/cardlist/cardimages/ll_03/ll_03_043_b.jpg	☆	6月9日	3年生		スマイル	―	―	―	―	LIVE	―
小泉 花陽	LL03-044	267	―	http://lovelive-sic.com/cardlist/cardimages/ll_03/ll_03_044_b.jpg	☆	1月17日	1年生		クール	―	―	―	―	RUSH	―
矢澤 にこ	LL03-045	268	―	http://lovelive-sic.com/cardlist/cardimages/ll_03/ll_03_045_b.jpg	☆	7月22日	3年生		ピュア	―	―	―	―	RUSH	―
高坂 穂乃果	LL03-046	269	【ライブ参加時】この《ライブ》に参加するメンバーがすべて「穂乃果」なら、＋【オール】する。	http://lovelive-sic.com/cardlist/cardimages/ll_03/ll_03_046_b.jpg	☆	8月3日	2年生		ピュア	―	―	―	―	―	―
絢瀬 絵里	LL03-047	270	【ライブ参加時】この《ライブ》に参加するメンバーがすべて「絵里」なら、＋【オール】する。	http://lovelive-sic.com/cardlist/cardimages/ll_03/ll_03_047_b.jpg	☆	10月21日	3年生		スマイル	―	―	―	―	―	―
南 ことり	LL03-048	271	【ライブ参加時】この《ライブ》に参加するメンバーがすべて「ことり」なら、＋【オール】する。	http://lovelive-sic.com/cardlist/cardimages/ll_03/ll_03_048_b.jpg	☆	9月12日	2年生		クール	―	―	―	―	―	―
園田 海未	LL03-049	272	【ライブ参加時】この《ライブ》に参加するメンバーがすべて「海未」なら、＋【オール】する。	http://lovelive-sic.com/cardlist/cardimages/ll_03/ll_03_049_b.jpg	☆	3月15日	2年生		スマイル	―	―	―	―	―	―
星空 凛	LL03-050	273	【ライブ参加時】この《ライブ》に参加するメンバーがすべて「凛」なら、＋【オール】する。	http://lovelive-sic.com/cardlist/cardimages/ll_03/ll_03_050_b.jpg	☆	11月1日	1年生		ピュア	―	―	―	―	―	―
西木野 真姫	LL03-051	274	【ライブ参加時】この《ライブ》に参加するメンバーがすべて「真姫」なら、＋【オール】する。	http://lovelive-sic.com/cardlist/cardimages/ll_03/ll_03_051_b.jpg	☆	4月19日	1年生		スマイル	―	―	―	―	―	―
東條 希	LL03-052	275	【ライブ参加時】この《ライブ》に参加するメンバーがすべて「希」なら、＋【オール】する。	http://lovelive-sic.com/cardlist/cardimages/ll_03/ll_03_052_b.jpg	☆	6月9日	3年生		クール	―	―	―	―	―	―
小泉 花陽	LL03-053	276	【ライブ参加時】この《ライブ》に参加するメンバーがすべて「花陽」なら、＋【オール】する。	http://lovelive-sic.com/cardlist/cardimages/ll_03/ll_03_053_b.jpg	☆	1月17日	1年生		クール	―	―	―	―	―	―
矢澤 にこ	LL03-054	277	【ライブ参加時】この《ライブ》に参加するメンバーがすべて「にこ」なら、＋【オール】する。	http://lovelive-sic.com/cardlist/cardimages/ll_03/ll_03_054_b.jpg	☆	7月22日	3年生		ピュア	―	―	―	―	―	―
高坂 穂乃果	LL03-055	278	【ライブ参加時】【RUSH】によって《登場》し、自身の【LIVE】によって《ライブ》するなら、＋【オール】する。	http://lovelive-sic.com/cardlist/cardimages/ll_03/ll_03_055_b.jpg	☆☆	8月3日	2年生		オール	―	―	―	―	LIVE	―
絢瀬 絵里	LL03-056	279	【ライブ参加時】基本ライブPが３点以上の楽曲カードの《ライブ》に参加するなら、＋【オール】する。	http://lovelive-sic.com/cardlist/cardimages/ll_03/ll_03_056_b.jpg	☆☆	10月21日	3年生		クール	―	―	―	―	LIVE	―
南 ことり	LL03-057	280	【ライブ参加時】この《ライブ》に参加する、ライブ衣装のメンバー全員に＋【オール】する。	http://lovelive-sic.com/cardlist/cardimages/ll_03/ll_03_057_b.jpg	☆☆	9月12日	2年生		ピュア	―	―	―	―	―	―
園田 海未	LL03-058	281	【登場時】あなたのセットリストにある表向きの楽曲カードが３枚になるまで、裏向きのカードを表向きにする。その後、あなたのセットリストにある表向きの楽曲カードが３色以上あるなら、デッキの１番上のカードを《登場》する。	http://lovelive-sic.com/cardlist/cardimages/ll_03/ll_03_058_b.jpg	☆☆	3月15日	2年生		クール	―	―	―	―	―	―
星空 凛	LL03-059	282	【ライブ参加時】この《ライブ》に参加しないあなたの待機中のメンバー１人を手札に戻してよい。そうしたら、＋【オール】する。	http://lovelive-sic.com/cardlist/cardimages/ll_03/ll_03_059_b.jpg	☆☆	11月1日	1年生		スマイル	―	―	―	―	LIVE	―
西木野 真姫	LL03-060	283	【登場時】あなたのセットリストにある色が異なる表向きの楽曲カード１枚につき、カードを１枚引く。その後、あなたの手札が４枚以上あるなら、このメンバーを参加させて《ライブ》してよい。	http://lovelive-sic.com/cardlist/cardimages/ll_03/ll_03_060_b.jpg	☆☆	4月19日	1年生		クール	―	―	―	―	―	―
東條 希	LL03-061	284	【ライブ参加時】あなたは手札２枚を好きな順番で裏向きでデッキの１番下に置いてよい。そうしたら、この《ライブ》に参加する自身以外のメンバー１人に、＋【オール】【オール】する。	http://lovelive-sic.com/cardlist/cardimages/ll_03/ll_03_061_b.jpg	☆☆	6月9日	3年生		ピュア	オール	―	―	―	―	―
小泉 花陽	LL03-062	285	【ライブ参加時】あなたかあいてのライブ中のメンバーのなかに【☆】を３個以上持つメンバーがいるなら、＋【オール】【オール】する。	http://lovelive-sic.com/cardlist/cardimages/ll_03/ll_03_062_b.jpg	☆☆	1月17日	1年生		ピュア	―	―	―	―	―	―
矢澤 にこ	LL03-063	286	【ライブ参加時】あなたのライブＰが２点以上で、このメンバーが参加する《ライブ》の楽曲カードが通常スコアでスキルがないなら、それのスコアを【２２２】にしてよい。	http://lovelive-sic.com/cardlist/cardimages/ll_03/ll_03_063_b.jpg	☆☆	7月22日	3年生		オール	―	―	―	―	―	―
高坂 穂乃果	LL03-076	299	―	http://lovelive-sic.com/cardlist/cardimages/SECRET.jpg	☆☆☆	8月3日	2年生		スマイル	スマイル	ピュア	クール	―	―	僕たちはひとつの光
絢瀬 絵里	LL03-077	300	―	http://lovelive-sic.com/cardlist/cardimages/SECRET.jpg	☆☆☆	10月21日	3年生		クール	クール	スマイル	ピュア	―	―	僕たちはひとつの光
南 ことり	LL03-078	301	―	http://lovelive-sic.com/cardlist/cardimages/SECRET.jpg	☆☆☆	9月12日	2年生		ピュア	ピュア	クール	スマイル	―	―	僕たちはひとつの光
園田 海未	LL03-079	302	―	http://lovelive-sic.com/cardlist/cardimages/SECRET.jpg	☆☆☆	3月15日	2年生		クール	クール	スマイル	ピュア	―	―	僕たちはひとつの光
星空 凛	LL03-080	303	―	http://lovelive-sic.com/cardlist/cardimages/SECRET.jpg	☆☆☆	11月1日	1年生		スマイル	スマイル	ピュア	クール	―	―	僕たちはひとつの光
西木野 真姫	LL03-081	304	―	http://lovelive-sic.com/cardlist/cardimages/SECRET.jpg	☆☆☆	4月19日	1年生		クール	クール	スマイル	ピュア	―	―	僕たちはひとつの光
東條 希	LL03-082	305	―	http://lovelive-sic.com/cardlist/cardimages/SECRET.jpg	☆☆☆	6月9日	3年生		ピュア	ピュア	クール	スマイル	―	―	僕たちはひとつの光
小泉 花陽	LL03-083	306	―	http://lovelive-sic.com/cardlist/cardimages/SECRET.jpg	☆☆☆	1月17日	1年生		ピュア	ピュア	クール	スマイル	―	―	僕たちはひとつの光
矢澤 にこ	LL03-084	307	―	http://lovelive-sic.com/cardlist/cardimages/SECRET.jpg	☆☆☆	7月22日	3年生		スマイル	スマイル	ピュア	クール	―	―	僕たちはひとつの光
高坂 穂乃果	LL03-085	299	―	http://lovelive-sic.com/cardlist/cardimages/SECRET.jpg	☆☆☆	8月3日	2年生		スマイル	スマイル	ピュア	クール	―	―	僕たちはひとつの光
絢瀬 絵里	LL03-086	300	―	http://lovelive-sic.com/cardlist/cardimages/SECRET.jpg	☆☆☆	10月21日	3年生		クール	クール	スマイル	ピュア	―	―	僕たちはひとつの光
南 ことり	LL03-087	301	―	http://lovelive-sic.com/cardlist/cardimages/SECRET.jpg	☆☆☆	9月12日	2年生		ピュア	ピュア	クール	スマイル	―	―	僕たちはひとつの光
園田 海未	LL03-088	302	―	http://lovelive-sic.com/cardlist/cardimages/SECRET.jpg	☆☆☆	3月15日	2年生		クール	クール	スマイル	ピュア	―	―	僕たちはひとつの光
星空 凛	LL03-089	303	―	http://lovelive-sic.com/cardlist/cardimages/SECRET.jpg	☆☆☆	11月1日	1年生		スマイル	スマイル	ピュア	クール	―	―	僕たちはひとつの光
西木野 真姫	LL03-090	304	―	http://lovelive-sic.com/cardlist/cardimages/SECRET.jpg	☆☆☆	4月19日	1年生		クール	クール	スマイル	ピュア	―	―	僕たちはひとつの光
東條 希	LL03-091	305	―	http://lovelive-sic.com/cardlist/cardimages/SECRET.jpg	☆☆☆	6月9日	3年生		ピュア	ピュア	クール	スマイル	―	―	僕たちはひとつの光
小泉 花陽	LL03-092	306	―	http://lovelive-sic.com/cardlist/cardimages/SECRET.jpg	☆☆☆	1月17日	1年生		ピュア	ピュア	クール	スマイル	―	―	僕たちはひとつの光
矢澤 にこ	LL03-093	307	―	http://lovelive-sic.com/cardlist/cardimages/SECRET.jpg	☆☆☆	7月22日	3年生		スマイル	スマイル	ピュア	クール	―	―	僕たちはひとつの光
高海 千歌	LL04-001	360	―	http://lovelive-sic.com/cardlist/cardimages/ll_04/ll_04_001_b.jpg	―	8月1日	2年生		クール	クール	―	―	―	―	君のこころは輝いてるかい？
桜内 梨子	LL04-002	361	―	http://lovelive-sic.com/cardlist/cardimages/ll_04/ll_04_002_b.jpg	―	9月19日	2年生		ピュア	ピュア	―	―	―	―	君のこころは輝いてるかい？
松浦 果南	LL04-003	362	―	http://lovelive-sic.com/cardlist/cardimages/ll_04/ll_04_003_b.jpg	―	2月10日	3年生		スマイル	スマイル	―	―	―	―	君のこころは輝いてるかい？
黒澤 ダイヤ	LL04-004	363	―	http://lovelive-sic.com/cardlist/cardimages/ll_04/ll_04_004_b.jpg	―	1月1日	3年生		ピュア	ピュア	―	―	―	―	君のこころは輝いてるかい？
渡辺 曜	LL04-005	364	―	http://lovelive-sic.com/cardlist/cardimages/ll_04/ll_04_005_b.jpg	―	4月17日	2年生		スマイル	スマイル	―	―	―	―	君のこころは輝いてるかい？
津島 善子	LL04-006	365	―	http://lovelive-sic.com/cardlist/cardimages/ll_04/ll_04_006_b.jpg	―	7月13日	1年生		ピュア	ピュア	―	―	―	―	君のこころは輝いてるかい？
国木田 花丸	LL04-007	366	―	http://lovelive-sic.com/cardlist/cardimages/ll_04/ll_04_007_b.jpg	―	3月4日	1年生		クール	クール	―	―	―	―	君のこころは輝いてるかい？
小原 鞠莉	LL04-008	367	―	http://lovelive-sic.com/cardlist/cardimages/ll_04/ll_04_008_b.jpg	―	6月13日	3年生		クール	クール	―	―	―	―	君のこころは輝いてるかい？
黒澤 ルビィ	LL04-009	368	―	http://lovelive-sic.com/cardlist/cardimages/ll_04/ll_04_009_b.jpg	―	9月21日	1年生		スマイル	スマイル	―	―	―	―	君のこころは輝いてるかい？
高海 千歌	LL04-010	369	―	http://lovelive-sic.com/cardlist/cardimages/ll_04/ll_04_010_b.jpg	―	8月1日	2年生		ピュア	ピュア	―	―	―	―	―
桜内 梨子	LL04-011	370	―	http://lovelive-sic.com/cardlist/cardimages/ll_04/ll_04_011_b.jpg	―	9月19日	2年生		スマイル	スマイル	―	―	―	―	―
松浦 果南	LL04-012	371	―	http://lovelive-sic.com/cardlist/cardimages/ll_04/ll_04_012_b.jpg	―	2月10日	3年生		クール	クール	―	―	―	―	―
黒澤 ダイヤ	LL04-013	372	―	http://lovelive-sic.com/cardlist/cardimages/ll_04/ll_04_013_b.jpg	―	1月1日	3年生		スマイル	スマイル	―	―	―	―	―
渡辺 曜	LL04-014	373	―	http://lovelive-sic.com/cardlist/cardimages/ll_04/ll_04_014_b.jpg	―	4月17日	2年生		クール	クール	―	―	―	―	―
津島 善子	LL04-015	374	―	http://lovelive-sic.com/cardlist/cardimages/ll_04/ll_04_015_b.jpg	―	7月13日	1年生		スマイル	スマイル	―	―	―	―	―
国木田 花丸	LL04-016	375	―	http://lovelive-sic.com/cardlist/cardimages/ll_04/ll_04_016_b.jpg	―	3月4日	1年生		ピュア	ピュア	―	―	―	―	―
小原 鞠莉	LL04-017	376	―	http://lovelive-sic.com/cardlist/cardimages/ll_04/ll_04_017_b.jpg	―	6月13日	3年生		ピュア	ピュア	―	―	―	―	―
黒澤 ルビィ	LL04-018	377	―	http://lovelive-sic.com/cardlist/cardimages/ll_04/ll_04_018_b.jpg	―	9月21日	1年生		クール	クール	―	―	―	―	―
高海 千歌	LL04-019	378	―	http://lovelive-sic.com/cardlist/cardimages/ll_04/ll_04_019_b.jpg	―	8月1日	2年生		スマイル	クール	―	―	―	―	―
桜内 梨子	LL04-020	379	―	http://lovelive-sic.com/cardlist/cardimages/ll_04/ll_04_020_b.jpg	―	9月19日	2年生		クール	ピュア	―	―	―	―	―
松浦 果南	LL04-021	380	―	http://lovelive-sic.com/cardlist/cardimages/ll_04/ll_04_021_b.jpg	―	2月10日	3年生		ピュア	スマイル	―	―	―	―	―
黒澤 ダイヤ	LL04-022	381	―	http://lovelive-sic.com/cardlist/cardimages/ll_04/ll_04_022_b.jpg	―	1月1日	3年生		クール	ピュア	―	―	―	―	―
渡辺 曜	LL04-023	382	―	http://lovelive-sic.com/cardlist/cardimages/ll_04/ll_04_023_b.jpg	―	4月17日	2年生		ピュア	スマイル	―	―	―	―	―
津島 善子	LL04-024	383	―	http://lovelive-sic.com/cardlist/cardimages/ll_04/ll_04_024_b.jpg	―	7月13日	1年生		クール	ピュア	―	―	―	―	―
国木田 花丸	LL04-025	384	―	http://lovelive-sic.com/cardlist/cardimages/ll_04/ll_04_025_b.jpg	―	3月4日	1年生		スマイル	クール	―	―	―	―	―
小原 鞠莉	LL04-026	385	―	http://lovelive-sic.com/cardlist/cardimages/ll_04/ll_04_026_b.jpg	―	6月13日	3年生		スマイル	クール	―	―	―	―	―
黒澤 ルビィ	LL04-027	386	―	http://lovelive-sic.com/cardlist/cardimages/ll_04/ll_04_027_b.jpg	―	9月21日	1年生		ピュア	スマイル	―	―	―	―	―
高海 千歌	LL04-028	387	―	http://lovelive-sic.com/cardlist/cardimages/ll_04/ll_04_028_b.jpg	☆	8月1日	2年生		スマイル	―	―	―	―	LIVE	―
桜内 梨子	LL04-029	388	―	http://lovelive-sic.com/cardlist/cardimages/ll_04/ll_04_029_b.jpg	☆	9月19日	2年生		クール	―	―	―	―	RUSH	―
松浦 果南	LL04-030	389	―	http://lovelive-sic.com/cardlist/cardimages/ll_04/ll_04_030_b.jpg	☆	2月10日	3年生		ピュア	―	―	―	―	RUSH	―
黒澤 ダイヤ	LL04-031	390	―	http://lovelive-sic.com/cardlist/cardimages/ll_04/ll_04_031_b.jpg	☆	1月1日	3年生		クール	―	―	―	―	LIVE	―
渡辺 曜	LL04-032	391	―	http://lovelive-sic.com/cardlist/cardimages/ll_04/ll_04_032_b.jpg	☆	4月17日	2年生		ピュア	―	―	―	―	LIVE	―
津島 善子	LL04-033	392	―	http://lovelive-sic.com/cardlist/cardimages/ll_04/ll_04_033_b.jpg	☆	7月13日	1年生		クール	―	―	―	―	LIVE	―
国木田 花丸	LL04-034	393	―	http://lovelive-sic.com/cardlist/cardimages/ll_04/ll_04_034_b.jpg	☆	3月4日	1年生		スマイル	―	―	―	―	LIVE	―
小原 鞠莉	LL04-035	394	―	http://lovelive-sic.com/cardlist/cardimages/ll_04/ll_04_035_b.jpg	☆	6月13日	3年生		スマイル	―	―	―	―	LIVE	―
黒澤 ルビィ	LL04-036	395	―	http://lovelive-sic.com/cardlist/cardimages/ll_04/ll_04_036_b.jpg	☆	9月21日	1年生		ピュア	―	―	―	―	RUSH	―
高海 千歌	LL04-037	396	【ライブ参加時】この《ライブ》に名前が異なる「Aqours」のメンバーが３人以上参加するなら、＋【オール】する。	http://lovelive-sic.com/cardlist/cardimages/ll_04/ll_04_037_b.jpg	☆	8月1日	2年生		スマイル	―	―	―	―	―	恋になりたいAQUARIUM
桜内 梨子	LL04-038	397	【ライブ参加時】この《ライブ》に名前が異なる「Aqours」のメンバーが３人以上参加するなら、＋【オール】する。	http://lovelive-sic.com/cardlist/cardimages/ll_04/ll_04_038_b.jpg	☆	9月19日	2年生		クール	―	―	―	―	―	恋になりたいAQUARIUM
松浦 果南	LL04-039	398	【ライブ参加時】この《ライブ》に名前が異なる「Aqours」のメンバーが３人以上参加するなら、＋【オール】する。	http://lovelive-sic.com/cardlist/cardimages/ll_04/ll_04_039_b.jpg	☆	2月10日	3年生		ピュア	―	―	―	―	―	恋になりたいAQUARIUM
黒澤 ダイヤ	LL04-040	399	【ライブ参加時】この《ライブ》に名前が異なる「Aqours」のメンバーが３人以上参加するなら、＋【オール】する。	http://lovelive-sic.com/cardlist/cardimages/ll_04/ll_04_040_b.jpg	☆	1月1日	3年生		クール	―	―	―	―	―	恋になりたいAQUARIUM
渡辺 曜	LL04-041	400	【ライブ参加時】この《ライブ》に名前が異なる「Aqours」のメンバーが３人以上参加するなら、＋【オール】する。	http://lovelive-sic.com/cardlist/cardimages/ll_04/ll_04_041_b.jpg	☆	4月17日	2年生		ピュア	―	―	―	―	―	恋になりたいAQUARIUM
津島 善子	LL04-042	401	【ライブ参加時】この《ライブ》に名前が異なる「Aqours」のメンバーが３人以上参加するなら、＋【オール】する。	http://lovelive-sic.com/cardlist/cardimages/ll_04/ll_04_042_b.jpg	☆	7月13日	1年生		クール	―	―	―	―	―	恋になりたいAQUARIUM
国木田 花丸	LL04-043	402	【ライブ参加時】この《ライブ》に名前が異なる「Aqours」のメンバーが３人以上参加するなら、＋【オール】する。	http://lovelive-sic.com/cardlist/cardimages/ll_04/ll_04_043_b.jpg	☆	3月4日	1年生		スマイル	―	―	―	―	―	恋になりたいAQUARIUM
小原 鞠莉	LL04-044	403	【ライブ参加時】この《ライブ》に名前が異なる「Aqours」のメンバーが３人以上参加するなら、＋【オール】する。	http://lovelive-sic.com/cardlist/cardimages/ll_04/ll_04_044_b.jpg	☆	6月13日	3年生		スマイル	―	―	―	―	―	恋になりたいAQUARIUM
黒澤 ルビィ	LL04-045	404	【ライブ参加時】この《ライブ》に名前が異なる「Aqours」のメンバーが３人以上参加するなら、＋【オール】する。	http://lovelive-sic.com/cardlist/cardimages/ll_04/ll_04_045_b.jpg	☆	9月21日	1年生		ピュア	―	―	―	―	―	恋になりたいAQUARIUM
高海 千歌	LL04-046	405	【登場時】あなたの待機中のメンバーが９人より少ないなら、《勧誘》する。（手札が４枚になるまでカードを引く。）	http://lovelive-sic.com/cardlist/cardimages/ll_04/ll_04_046_b.jpg	☆☆	8月1日	2年生		スマイル	スマイル	―	―	―	―	青空Jumping Heart
桜内 梨子	LL04-047	406	【ライブ参加時】あなたがすでに楽曲カードをライブ中なら、＋【青】する。 【ライブ成功時】あなたのセットリストにある裏向きのカード１枚を表向きにする。	http://lovelive-sic.com/cardlist/cardimages/ll_04/ll_04_047_b.jpg	☆☆	9月19日	2年生		クール	オール	―	―	―	―	青空Jumping Heart
松浦 果南	LL04-048	407	【登場時】手札１枚を裏向きでデッキの１番下に置いてよい。そうしたら、カードを２枚引くか、手札からメンバー１人を《登場》する。	http://lovelive-sic.com/cardlist/cardimages/ll_04/ll_04_048_b.jpg	☆☆	2月10日	3年生		ピュア	ピュア	―	―	―	―	青空Jumping Heart
黒澤 ダイヤ	LL04-049	408	【登場時】あなたはデッキの１番上のカードを見る。次にターンを行うあいてはそれが【☆】を持つか持たないかを答える。答えが合っていたなら、それを全員に見せて手札に加え、カードを１枚引く。違っていたなら、そのメンバーを《登場》する。	http://lovelive-sic.com/cardlist/cardimages/ll_04/ll_04_049_b.jpg	☆☆	1月1日	3年生		クール	クール	―	―	―	―	青空Jumping Heart
渡辺 曜	LL04-050	409	【登場時】あなたのデッキの上からカード４枚を全員に見せて、その中にいるライブ衣装で【☆】を持たないメンバーから、１人を《登場》して１人を手札に加える。その後、残りのカードを裏向きにしてよく混ぜてデッキの１番下に置く。（１人しかいなくても《登場》できる。）	http://lovelive-sic.com/cardlist/cardimages/ll_04/ll_04_050_b.jpg	☆☆	4月17日	2年生		ピュア	―	―	―	―	―	青空Jumping Heart
津島 善子	LL04-051	410	【登場時】手札から【☆】を持たないメンバーを３人まで《登場》してよい。これでメンバーを１人以上《登場》したなら、次のあなたのターンを１回休む。	http://lovelive-sic.com/cardlist/cardimages/ll_04/ll_04_051_b.jpg	☆☆	7月13日	1年生		クール	オール	―	―	―	―	青空Jumping Heart
国木田 花丸	LL04-052	411	【登場時】あなたはカードを３枚引く。すべてのあいてはカードを１枚引く。	http://lovelive-sic.com/cardlist/cardimages/ll_04/ll_04_052_b.jpg	☆☆	3月4日	1年生		スマイル	スマイル	―	―	―	―	青空Jumping Heart
小原 鞠莉	LL04-053	412	（【RUSH】か【LIVE】のどちらかを選んで行う。）	http://lovelive-sic.com/cardlist/cardimages/ll_04/ll_04_053_b.jpg	☆☆	6月13日	3年生		オール	―	―	―	―	RUSH／LIVE	青空Jumping Heart
黒澤 ルビィ	LL04-054	413	【登場時】あなたのデッキの１番上のカードを《登場》してよい。そのメンバーが【☆】を２個以上持つなら、このメンバーを裏向きでデッキの１番下に置く。（デッキから《登場》したメンバーの【登場時】より先にデッキの１番下に置く。）	http://lovelive-sic.com/cardlist/cardimages/ll_04/ll_04_054_b.jpg	☆☆	9月21日	1年生		ピュア	ピュア	―	―	―	―	青空Jumping Heart
高海 千歌	LL04-067	426	―	http://lovelive-sic.com/cardlist/cardimages/SECRET.jpg	☆☆☆	8月1日	2年生		オール	オール	オール	―	スマイル	―	―
桜内 梨子	LL04-068	427	―	http://lovelive-sic.com/cardlist/cardimages/SECRET.jpg	☆☆☆	9月19日	2年生		オール	オール	オール	―	クール	―	―
松浦 果南	LL04-069	428	―	http://lovelive-sic.com/cardlist/cardimages/SECRET.jpg	☆☆☆	2月10日	3年生		オール	オール	オール	―	ピュア	―	―
黒澤 ダイヤ	LL04-070	429	―	http://lovelive-sic.com/cardlist/cardimages/SECRET.jpg	☆☆☆	1月1日	3年生		オール	オール	オール	―	クール	―	―
渡辺 曜	LL04-071	430	―	http://lovelive-sic.com/cardlist/cardimages/SECRET.jpg	☆☆☆	4月17日	2年生		オール	オール	オール	―	ピュア	―	―
津島 善子	LL04-072	431	―	http://lovelive-sic.com/cardlist/cardimages/SECRET.jpg	☆☆☆	7月13日	1年生		オール	オール	オール	―	クール	―	―
国木田 花丸	LL04-073	432	―	http://lovelive-sic.com/cardlist/cardimages/SECRET.jpg	☆☆☆	3月4日	1年生		オール	オール	オール	―	スマイル	―	―
小原 鞠莉	LL04-074	433	―	http://lovelive-sic.com/cardlist/cardimages/SECRET.jpg	☆☆☆	6月13日	3年生		オール	オール	オール	―	スマイル	―	―
黒澤 ルビィ	LL04-075	434	―	http://lovelive-sic.com/cardlist/cardimages/SECRET.jpg	☆☆☆	9月21日	1年生		オール	オール	オール	―	ピュア	―	―
高海 千歌	LL04-076	426	―	http://lovelive-sic.com/cardlist/cardimages/SECRET.jpg	☆☆☆	8月1日	2年生		オール	オール	オール	―	スマイル	―	―
桜内 梨子	LL04-077	427	―	http://lovelive-sic.com/cardlist/cardimages/SECRET.jpg	☆☆☆	9月19日	2年生		オール	オール	オール	―	クール	―	―
松浦 果南	LL04-078	428	―	http://lovelive-sic.com/cardlist/cardimages/SECRET.jpg	☆☆☆	2月10日	3年生		オール	オール	オール	―	ピュア	―	―
黒澤 ダイヤ	LL04-079	429	―	http://lovelive-sic.com/cardlist/cardimages/SECRET.jpg	☆☆☆	1月1日	3年生		オール	オール	オール	―	クール	―	―
渡辺 曜	LL04-080	430	―	http://lovelive-sic.com/cardlist/cardimages/SECRET.jpg	☆☆☆	4月17日	2年生		オール	オール	オール	―	ピュア	―	―
津島 善子	LL04-081	431	―	http://lovelive-sic.com/cardlist/cardimages/SECRET.jpg	☆☆☆	7月13日	1年生		オール	オール	オール	―	クール	―	―
国木田 花丸	LL04-082	432	―	http://lovelive-sic.com/cardlist/cardimages/SECRET.jpg	☆☆☆	3月4日	1年生		オール	オール	オール	―	スマイル	―	―
小原 鞠莉	LL04-083	433	―	http://lovelive-sic.com/cardlist/cardimages/SECRET.jpg	☆☆☆	6月13日	3年生		オール	オール	オール	―	スマイル	―	―
黒澤 ルビィ	LL04-084	434	―	http://lovelive-sic.com/cardlist/cardimages/SECRET.jpg	☆☆☆	9月21日	1年生		オール	オール	オール	―	ピュア	―	―
高海 千歌	LL05-001	481	―	http://lovelive-sic.com/cardlist/cardimages/ll_05/ll_05_001_b.jpg	―	8月1日	2年生		スマイル	ピュア	―	―	―	―	―
桜内 梨子	LL05-002	482	―	http://lovelive-sic.com/cardlist/cardimages/ll_05/ll_05_002_b.jpg	―	9月19日	2年生		クール	スマイル	―	―	―	―	―
松浦 果南	LL05-003	483	―	http://lovelive-sic.com/cardlist/cardimages/ll_05/ll_05_003_b.jpg	―	2月10日	3年生		ピュア	クール	―	―	―	―	―
黒澤 ダイヤ	LL05-004	484	―	http://lovelive-sic.com/cardlist/cardimages/ll_05/ll_05_004_b.jpg	―	1月1日	3年生		クール	スマイル	―	―	―	―	―
渡辺 曜	LL05-005	485	―	http://lovelive-sic.com/cardlist/cardimages/ll_05/ll_05_005_b.jpg	―	4月17日	2年生		ピュア	クール	―	―	―	―	―
津島 善子	LL05-006	486	―	http://lovelive-sic.com/cardlist/cardimages/ll_05/ll_05_006_b.jpg	―	7月13日	1年生		クール	スマイル	―	―	―	―	―
国木田 花丸	LL05-007	487	―	http://lovelive-sic.com/cardlist/cardimages/ll_05/ll_05_007_b.jpg	―	3月4日	1年生		スマイル	ピュア	―	―	―	―	―
小原 鞠莉	LL05-008	488	―	http://lovelive-sic.com/cardlist/cardimages/ll_05/ll_05_008_b.jpg	―	6月13日	3年生		スマイル	ピュア	―	―	―	―	―
黒澤 ルビィ	LL05-009	489	―	http://lovelive-sic.com/cardlist/cardimages/ll_05/ll_05_009_b.jpg	―	9月21日	1年生		ピュア	クール	―	―	―	―	―
高海 千歌	LL05-010	490	―	http://lovelive-sic.com/cardlist/cardimages/ll_05/ll_05_010_b.jpg	―	8月1日	2年生		オール	―	―	―	ピュア	―	―
桜内 梨子	LL05-011	491	―	http://lovelive-sic.com/cardlist/cardimages/ll_05/ll_05_011_b.jpg	―	9月19日	2年生		オール	―	―	―	スマイル	―	―
松浦 果南	LL05-012	492	―	http://lovelive-sic.com/cardlist/cardimages/ll_05/ll_05_012_b.jpg	―	2月10日	3年生		オール	―	―	―	クール	―	―
黒澤 ダイヤ	LL05-013	493	―	http://lovelive-sic.com/cardlist/cardimages/ll_05/ll_05_013_b.jpg	―	1月1日	3年生		オール	―	―	―	スマイル	―	―
渡辺 曜	LL05-014	494	―	http://lovelive-sic.com/cardlist/cardimages/ll_05/ll_05_014_b.jpg	―	4月17日	2年生		オール	―	―	―	クール	―	―
津島 善子	LL05-015	495	―	http://lovelive-sic.com/cardlist/cardimages/ll_05/ll_05_015_b.jpg	―	7月13日	1年生		オール	―	―	―	スマイル	―	―
国木田 花丸	LL05-016	496	―	http://lovelive-sic.com/cardlist/cardimages/ll_05/ll_05_016_b.jpg	―	3月4日	1年生		オール	―	―	―	ピュア	―	―
小原 鞠莉	LL05-017	497	―	http://lovelive-sic.com/cardlist/cardimages/ll_05/ll_05_017_b.jpg	―	6月13日	3年生		オール	―	―	―	ピュア	―	―
黒澤 ルビィ	LL05-018	498	―	http://lovelive-sic.com/cardlist/cardimages/ll_05/ll_05_018_b.jpg	―	9月21日	1年生		オール	―	―	―	クール	―	―
高海 千歌	LL05-019	499	―	http://lovelive-sic.com/cardlist/cardimages/ll_05/ll_05_019_b.jpg	―	8月1日	2年生		ピュア	クール	―	―	―	―	―
桜内 梨子	LL05-020	500	―	http://lovelive-sic.com/cardlist/cardimages/ll_05/ll_05_020_b.jpg	―	9月19日	2年生		スマイル	ピュア	―	―	―	―	―
松浦 果南	LL05-021	501	―	http://lovelive-sic.com/cardlist/cardimages/ll_05/ll_05_021_b.jpg	―	2月10日	3年生		クール	スマイル	―	―	―	―	―
黒澤 ダイヤ	LL05-022	502	―	http://lovelive-sic.com/cardlist/cardimages/ll_05/ll_05_022_b.jpg	―	1月1日	3年生		スマイル	ピュア	―	―	―	―	―
渡辺 曜	LL05-023	503	―	http://lovelive-sic.com/cardlist/cardimages/ll_05/ll_05_023_b.jpg	―	4月17日	2年生		クール	スマイル	―	―	―	―	―
津島 善子	LL05-024	504	―	http://lovelive-sic.com/cardlist/cardimages/ll_05/ll_05_024_b.jpg	―	7月13日	1年生		スマイル	ピュア	―	―	―	―	―
国木田 花丸	LL05-025	505	―	http://lovelive-sic.com/cardlist/cardimages/ll_05/ll_05_025_b.jpg	―	3月4日	1年生		ピュア	クール	―	―	―	―	―
小原 鞠莉	LL05-026	506	―	http://lovelive-sic.com/cardlist/cardimages/ll_05/ll_05_026_b.jpg	―	6月13日	3年生		ピュア	クール	―	―	―	―	―
黒澤 ルビィ	LL05-027	507	―	http://lovelive-sic.com/cardlist/cardimages/ll_05/ll_05_027_b.jpg	―	9月21日	1年生		クール	スマイル	―	―	―	―	―
高海 千歌	LL05-028	508	―	http://lovelive-sic.com/cardlist/cardimages/ll_05/ll_05_028_b.jpg	☆	8月1日	2年生		ピュア	―	―	―	―	RUSH	―
桜内 梨子	LL05-029	509	―	http://lovelive-sic.com/cardlist/cardimages/ll_05/ll_05_029_b.jpg	☆	9月19日	2年生		スマイル	―	―	―	―	RUSH	―
松浦 果南	LL05-030	510	―	http://lovelive-sic.com/cardlist/cardimages/ll_05/ll_05_030_b.jpg	☆	2月10日	3年生		クール	―	―	―	―	RUSH	―
黒澤 ダイヤ	LL05-031	511	―	http://lovelive-sic.com/cardlist/cardimages/ll_05/ll_05_031_b.jpg	☆	1月1日	3年生		スマイル	―	―	―	―	RUSH	―
渡辺 曜	LL05-032	512	―	http://lovelive-sic.com/cardlist/cardimages/ll_05/ll_05_032_b.jpg	☆	4月17日	2年生		クール	―	―	―	―	RUSH	―
津島 善子	LL05-033	513	―	http://lovelive-sic.com/cardlist/cardimages/ll_05/ll_05_033_b.jpg	☆	7月13日	1年生		スマイル	―	―	―	―	RUSH	―
国木田 花丸	LL05-034	514	―	http://lovelive-sic.com/cardlist/cardimages/ll_05/ll_05_034_b.jpg	☆	3月4日	1年生		ピュア	―	―	―	―	RUSH	―
小原 鞠莉	LL05-035	515	―	http://lovelive-sic.com/cardlist/cardimages/ll_05/ll_05_035_b.jpg	☆	6月13日	3年生		ピュア	―	―	―	―	RUSH	―
黒澤 ルビィ	LL05-036	516	―	http://lovelive-sic.com/cardlist/cardimages/ll_05/ll_05_036_b.jpg	☆	9月21日	1年生		クール	―	―	―	―	RUSH	―
高海 千歌	LL05-037	517	【ライブ参加時】この《ライブ》に「梨子」と「曜」が２人とも参加するなら、＋【緑】【青】する。	http://lovelive-sic.com/cardlist/cardimages/ll_05/ll_05_037_b.jpg	☆	8月1日	2年生		スマイル	―	―	―	―	―	―
桜内 梨子	LL05-038	518	【ライブ参加時】この《ライブ》に「千歌」と「曜」が２人とも参加するなら、＋【赤】【緑】する。	http://lovelive-sic.com/cardlist/cardimages/ll_05/ll_05_038_b.jpg	☆	9月19日	2年生		クール	―	―	―	―	―	―
松浦 果南	LL05-039	519	【ライブ参加時】この《ライブ》に「ダイヤ」と「鞠莉」が２人とも参加するなら、＋【青】【赤】する。	http://lovelive-sic.com/cardlist/cardimages/ll_05/ll_05_039_b.jpg	☆	2月10日	3年生		ピュア	―	―	―	―	―	―
黒澤 ダイヤ	LL05-040	520	【ライブ参加時】この《ライブ》に「果南」と「鞠莉」が２人とも参加するなら、＋【赤】【緑】する。	http://lovelive-sic.com/cardlist/cardimages/ll_05/ll_05_040_b.jpg	☆	1月1日	3年生		クール	―	―	―	―	―	―
渡辺 曜	LL05-041	521	【ライブ参加時】この《ライブ》に「千歌」と「梨子」が２人とも参加するなら、＋【青】【赤】する。	http://lovelive-sic.com/cardlist/cardimages/ll_05/ll_05_041_b.jpg	☆	4月17日	2年生		ピュア	―	―	―	―	―	―
津島 善子	LL05-042	522	【ライブ参加時】この《ライブ》に「花丸」と「ルビィ」が２人とも参加するなら、＋【赤】【緑】する。	http://lovelive-sic.com/cardlist/cardimages/ll_05/ll_05_042_b.jpg	☆	7月13日	1年生		クール	―	―	―	―	―	―
国木田 花丸	LL05-043	523	【ライブ参加時】この《ライブ》に「善子」と「ルビィ」が２人とも参加するなら、＋【緑】【青】する。	http://lovelive-sic.com/cardlist/cardimages/ll_05/ll_05_043_b.jpg	☆	3月4日	1年生		スマイル	―	―	―	―	―	―
小原 鞠莉	LL05-044	524	【ライブ参加時】この《ライブ》に「果南」と「ダイヤ」が２人とも参加するなら、＋【緑】【青】する。	http://lovelive-sic.com/cardlist/cardimages/ll_05/ll_05_044_b.jpg	☆	6月13日	3年生		スマイル	―	―	―	―	―	―
黒澤 ルビィ	LL05-045	525	【ライブ参加時】この《ライブ》に「善子」と「花丸」が２人とも参加するなら、＋【青】【赤】する。	http://lovelive-sic.com/cardlist/cardimages/ll_05/ll_05_045_b.jpg	☆	9月21日	1年生		ピュア	―	―	―	―	―	―
高海 千歌	LL05-046	526	【登場時】あなたの手札が０枚なら、カードを３枚引く。あなたのほかの待機中のメンバーが０人なら、デッキの１番上のカードを《登場》する。あなたのライブ中の楽曲カードが０枚なら、このメンバーを参加させて《ライブ》してよい。	http://lovelive-sic.com/cardlist/cardimages/ll_05/ll_05_046_b.jpg	☆☆	8月1日	2年生		スマイル	オール	―	―	―	―	―
桜内 梨子	LL05-047	527	【登場時】次のあなたのターンの終わりまで、このメンバーは《ライブ》に参加できない。（【RUSH】は【登場時】の後に行う。） 【ライブ参加時】この《ライブ》にほかの「Aqours」のメンバーが参加するなら、＋【青】する。	http://lovelive-sic.com/cardlist/cardimages/ll_05/ll_05_047_b.jpg	☆☆	9月19日	2年生		オール	―	―	―	―	RUSH	―
松浦 果南	LL05-048	528	【登場時】あなたの待機中のメンバーの中に【LIVE】を持つメンバーがいるなら、その中の１人とこのメンバーを参加させて《ライブ》してよい。 【ライブ参加時】この《ライブ》に【LIVE】を持つ「果南」が参加するなら、＋【オール】する。	http://lovelive-sic.com/cardlist/cardimages/ll_05/ll_05_048_b.jpg	☆☆	2月10日	3年生		ピュア	オール	―	―	―	―	―
黒澤 ダイヤ	LL05-049	529	【ライブ参加時】この《ライブ》に参加する全員が「Aqours」のメンバーなら、＋【青】する。 【ライブ参加時】スキルに「Aqours」と書かれている楽曲カードの《ライブ》に参加するなら、＋【オール】する。	http://lovelive-sic.com/cardlist/cardimages/ll_05/ll_05_049_b.jpg	☆☆	1月1日	3年生		クール	オール	―	―	―	―	―
渡辺 曜	LL05-050	530	【登場時】あなたのほかの待機中のライブ衣装でないメンバー１人を手札に戻してよい。そうしたら、カードを２枚引く。その後、戻したメンバーと同じ名前の、ライブ衣装のメンバー１人を手札から《登場》してよい。	http://lovelive-sic.com/cardlist/cardimages/ll_05/ll_05_050_b.jpg	☆☆	4月17日	2年生		ピュア	ピュア	―	―	―	―	―
津島 善子	LL05-051	531	【登場時】あなたのほかの待機中のメンバー１人を裏向きでデッキの１番下に置いてよい。そうしたら、カードを３枚引く。 【ライブ参加時】あなたの手札が３枚以上あるなら、＋【青】する。	http://lovelive-sic.com/cardlist/cardimages/ll_05/ll_05_051_b.jpg	☆☆	7月13日	1年生		クール	オール	―	―	―	―	―
国木田 花丸	LL05-052	532	【登場時】【RUSH】によって《登場》したなら、デッキの１番上のカードを《登場》する。 【ライブ参加時】あなたのライブ中の楽曲カードが２枚以上あるなら、＋【赤】する。（このメンバーが参加する《ライブ》は枚数に含めない。）	http://lovelive-sic.com/cardlist/cardimages/ll_05/ll_05_052_b.jpg	☆☆	3月4日	1年生		スマイル	―	―	―	―	RUSH	―
小原 鞠莉	LL05-053	533	【ライブ参加時】この《ライブ》に、【赤】を持つメンバーと、【緑】を持つメンバーと、【青】を持つメンバーと、【オール】を持つメンバーが参加するなら、＋【オール】する。（それぞれ１人ずつ必要で、このメンバーを含めてもよい。）	http://lovelive-sic.com/cardlist/cardimages/ll_05/ll_05_053_b.jpg	☆☆	6月13日	3年生		オール	―	―	―	―	LIVE	―
黒澤 ルビィ	LL05-054	534	【登場時】あなたのデッキの１番上か１番下のカードを全員に見せる。そのメンバーが【☆】を持つなら、それを《登場》する。そうでないなら、それを手札に加え、カードを１枚引く。	http://lovelive-sic.com/cardlist/cardimages/ll_05/ll_05_054_b.jpg	☆☆	9月21日	1年生		オール	―	―	―	―	―	―
高海 千歌	LL05-064	544	―	http://lovelive-sic.com/cardlist/cardimages/SECRET.jpg	☆☆☆	8月1日	2年生		スマイル	スマイル	ピュア	クール	―	―	未熟DREAMER
桜内 梨子	LL05-065	545	―	http://lovelive-sic.com/cardlist/cardimages/SECRET.jpg	☆☆☆	9月19日	2年生		クール	クール	スマイル	ピュア	―	―	未熟DREAMER
松浦 果南	LL05-066	546	―	http://lovelive-sic.com/cardlist/cardimages/SECRET.jpg	☆☆☆	2月10日	3年生		ピュア	ピュア	クール	スマイル	―	―	未熟DREAMER
黒澤 ダイヤ	LL05-067	547	―	http://lovelive-sic.com/cardlist/cardimages/SECRET.jpg	☆☆☆	1月1日	3年生		クール	クール	スマイル	ピュア	―	―	未熟DREAMER
渡辺 曜	LL05-068	548	―	http://lovelive-sic.com/cardlist/cardimages/SECRET.jpg	☆☆☆	4月17日	2年生		ピュア	ピュア	クール	スマイル	―	―	未熟DREAMER
津島 善子	LL05-069	549	―	http://lovelive-sic.com/cardlist/cardimages/SECRET.jpg	☆☆☆	7月13日	1年生		クール	クール	スマイル	ピュア	―	―	未熟DREAMER
国木田 花丸	LL05-070	550	―	http://lovelive-sic.com/cardlist/cardimages/SECRET.jpg	☆☆☆	3月4日	1年生		スマイル	スマイル	ピュア	クール	―	―	未熟DREAMER
小原 鞠莉	LL05-071	551	―	http://lovelive-sic.com/cardlist/cardimages/SECRET.jpg	☆☆☆	6月13日	3年生		スマイル	スマイル	ピュア	クール	―	―	未熟DREAMER
黒澤 ルビィ	LL05-072	552	―	http://lovelive-sic.com/cardlist/cardimages/SECRET.jpg	☆☆☆	9月21日	1年生		ピュア	ピュア	クール	スマイル	―	―	未熟DREAMER
高海 千歌	LL05-073	544	―	http://lovelive-sic.com/cardlist/cardimages/SECRET.jpg	☆☆☆	8月1日	2年生		スマイル	スマイル	ピュア	クール	―	―	未熟DREAMER
桜内 梨子	LL05-074	545	―	http://lovelive-sic.com/cardlist/cardimages/SECRET.jpg	☆☆☆	9月19日	2年生		クール	クール	スマイル	ピュア	―	―	未熟DREAMER
松浦 果南	LL05-075	546	―	http://lovelive-sic.com/cardlist/cardimages/SECRET.jpg	☆☆☆	2月10日	3年生		ピュア	ピュア	クール	スマイル	―	―	未熟DREAMER
黒澤 ダイヤ	LL05-076	547	―	http://lovelive-sic.com/cardlist/cardimages/SECRET.jpg	☆☆☆	1月1日	3年生		クール	クール	スマイル	ピュア	―	―	未熟DREAMER
渡辺 曜	LL05-077	548	―	http://lovelive-sic.com/cardlist/cardimages/SECRET.jpg	☆☆☆	4月17日	2年生		ピュア	ピュア	クール	スマイル	―	―	未熟DREAMER
津島 善子	LL05-078	549	―	http://lovelive-sic.com/cardlist/cardimages/SECRET.jpg	☆☆☆	7月13日	1年生		クール	クール	スマイル	ピュア	―	―	未熟DREAMER
国木田 花丸	LL05-079	550	―	http://lovelive-sic.com/cardlist/cardimages/SECRET.jpg	☆☆☆	3月4日	1年生		スマイル	スマイル	ピュア	クール	―	―	未熟DREAMER
小原 鞠莉	LL05-080	551	―	http://lovelive-sic.com/cardlist/cardimages/SECRET.jpg	☆☆☆	6月13日	3年生		スマイル	スマイル	ピュア	クール	―	―	未熟DREAMER
黒澤 ルビィ	LL05-081	552	―	http://lovelive-sic.com/cardlist/cardimages/SECRET.jpg	☆☆☆	9月21日	1年生		ピュア	ピュア	クール	スマイル	―	―	未熟DREAMER
高海 千歌	LL06-001	0571	―	http://lovelive-sic.com/cardlist/cardimages/ll_06/ll_06_001_b.jpg	―	8月1日	2年生		オール	―	―	―	クール	―	―
桜内 梨子	LL06-002	0572	―	http://lovelive-sic.com/cardlist/cardimages/ll_06/ll_06_002_b.jpg	―	9月19日	2年生		オール	―	―	―	ピュア	―	―
松浦 果南	LL06-003	0573	―	http://lovelive-sic.com/cardlist/cardimages/ll_06/ll_06_003_b.jpg	―	2月10日	3年生		オール	―	―	―	スマイル	―	―
黒澤 ダイヤ	LL06-004	0574	―	http://lovelive-sic.com/cardlist/cardimages/ll_06/ll_06_004_b.jpg	―	1月1日	3年生		オール	―	―	―	ピュア	―	―
渡辺 曜	LL06-005	0575	―	http://lovelive-sic.com/cardlist/cardimages/ll_06/ll_06_005_b.jpg	―	4月17日	2年生		オール	―	―	―	スマイル	―	―
津島 善子	LL06-006	0576	―	http://lovelive-sic.com/cardlist/cardimages/ll_06/ll_06_006_b.jpg	―	7月13日	1年生		オール	―	―	―	ピュア	―	―
国木田 花丸	LL06-007	0577	―	http://lovelive-sic.com/cardlist/cardimages/ll_06/ll_06_007_b.jpg	―	3月4日	1年生		オール	―	―	―	クール	―	―
小原 鞠莉	LL06-008	0578	―	http://lovelive-sic.com/cardlist/cardimages/ll_06/ll_06_008_b.jpg	―	6月13日	3年生		オール	―	―	―	クール	―	―
黒澤 ルビィ	LL06-009	0579	―	http://lovelive-sic.com/cardlist/cardimages/ll_06/ll_06_009_b.jpg	―	9月21日	1年生		オール	―	―	―	スマイル	―	―
高海 千歌	LL06-010	0580	―	http://lovelive-sic.com/cardlist/cardimages/ll_06/ll_06_010_b.jpg	―	8月1日	2年生		スマイル	クール	―	―	―	―	恋になりたいAQUARIUM
桜内 梨子	LL06-011	0581	―	http://lovelive-sic.com/cardlist/cardimages/ll_06/ll_06_011_b.jpg	―	9月19日	2年生		クール	ピュア	―	―	―	―	恋になりたいAQUARIUM
松浦 果南	LL06-012	0582	―	http://lovelive-sic.com/cardlist/cardimages/ll_06/ll_06_012_b.jpg	―	2月10日	3年生		ピュア	スマイル	―	―	―	―	恋になりたいAQUARIUM
黒澤 ダイヤ	LL06-013	0583	―	http://lovelive-sic.com/cardlist/cardimages/ll_06/ll_06_013_b.jpg	―	1月1日	3年生		クール	ピュア	―	―	―	―	恋になりたいAQUARIUM
渡辺 曜	LL06-014	0584	―	http://lovelive-sic.com/cardlist/cardimages/ll_06/ll_06_014_b.jpg	―	4月17日	2年生		ピュア	スマイル	―	―	―	―	恋になりたいAQUARIUM
津島 善子	LL06-015	0585	―	http://lovelive-sic.com/cardlist/cardimages/ll_06/ll_06_015_b.jpg	―	7月13日	1年生		クール	ピュア	―	―	―	―	恋になりたいAQUARIUM
国木田 花丸	LL06-016	0586	―	http://lovelive-sic.com/cardlist/cardimages/ll_06/ll_06_016_b.jpg	―	3月4日	1年生		スマイル	クール	―	―	―	―	恋になりたいAQUARIUM
小原 鞠莉	LL06-017	0587	―	http://lovelive-sic.com/cardlist/cardimages/ll_06/ll_06_017_b.jpg	―	6月13日	3年生		スマイル	クール	―	―	―	―	恋になりたいAQUARIUM
黒澤 ルビィ	LL06-018	0588	―	http://lovelive-sic.com/cardlist/cardimages/ll_06/ll_06_018_b.jpg	―	9月21日	1年生		ピュア	スマイル	―	―	―	―	恋になりたいAQUARIUM
高海 千歌	LL06-019	0589	―	http://lovelive-sic.com/cardlist/cardimages/ll_06/ll_06_019_b.jpg	―	8月1日	2年生		ピュア	クール	―	―	―	―	MIRAI TICKET
桜内 梨子	LL06-020	0590	―	http://lovelive-sic.com/cardlist/cardimages/ll_06/ll_06_020_b.jpg	―	9月19日	2年生		スマイル	ピュア	―	―	―	―	MIRAI TICKET
松浦 果南	LL06-021	0591	―	http://lovelive-sic.com/cardlist/cardimages/ll_06/ll_06_021_b.jpg	―	2月10日	3年生		クール	スマイル	―	―	―	―	MIRAI TICKET
黒澤 ダイヤ	LL06-022	0592	―	http://lovelive-sic.com/cardlist/cardimages/ll_06/ll_06_022_b.jpg	―	1月1日	3年生		スマイル	ピュア	―	―	―	―	MIRAI TICKET
渡辺 曜	LL06-023	0593	―	http://lovelive-sic.com/cardlist/cardimages/ll_06/ll_06_023_b.jpg	―	4月17日	2年生		クール	スマイル	―	―	―	―	MIRAI TICKET
津島 善子	LL06-024	0594	―	http://lovelive-sic.com/cardlist/cardimages/ll_06/ll_06_024_b.jpg	―	7月13日	1年生		スマイル	ピュア	―	―	―	―	MIRAI TICKET
国木田 花丸	LL06-025	0595	―	http://lovelive-sic.com/cardlist/cardimages/ll_06/ll_06_025_b.jpg	―	3月4日	1年生		ピュア	クール	―	―	―	―	MIRAI TICKET
小原 鞠莉	LL06-026	0596	―	http://lovelive-sic.com/cardlist/cardimages/ll_06/ll_06_026_b.jpg	―	6月13日	3年生		ピュア	クール	―	―	―	―	MIRAI TICKET
黒澤 ルビィ	LL06-027	0597	―	http://lovelive-sic.com/cardlist/cardimages/ll_06/ll_06_027_b.jpg	―	9月21日	1年生		クール	スマイル	―	―	―	―	MIRAI TICKET
高海 千歌	LL06-028	0598	【登場時】あなたのステージにいるメンバーがすべて「千歌」なら、デッキの上からカードを２枚見て、１枚を手札に加えて、１枚を裏向きでデッキの１番下に置く。	http://lovelive-sic.com/cardlist/cardimages/ll_06/ll_06_028_b.jpg	☆	8月1日	2年生		ピュア	クール	―	―	―	―	―
桜内 梨子	LL06-029	0599	【登場時】あなたのステージにいるメンバーがすべて「梨子」なら、デッキの上からカードを２枚見て、１枚を手札に加えて、１枚を裏向きでデッキの１番下に置く。	http://lovelive-sic.com/cardlist/cardimages/ll_06/ll_06_029_b.jpg	☆	9月19日	2年生		スマイル	ピュア	―	―	―	―	―
松浦 果南	LL06-030	0600	【登場時】あなたのステージにいるメンバーがすべて「果南」なら、デッキの上からカードを２枚見て、１枚を手札に加えて、１枚を裏向きでデッキの１番下に置く。	http://lovelive-sic.com/cardlist/cardimages/ll_06/ll_06_030_b.jpg	☆	2月10日	3年生		クール	スマイル	―	―	―	―	―
黒澤 ダイヤ	LL06-031	0601	【登場時】あなたのステージにいるメンバーがすべて「ダイヤ」なら、デッキの上からカードを２枚見て、１枚を手札に加えて、１枚を裏向きでデッキの１番下に置く。	http://lovelive-sic.com/cardlist/cardimages/ll_06/ll_06_031_b.jpg	☆	1月1日	3年生		スマイル	ピュア	―	―	―	―	―
渡辺 曜	LL06-032	0602	【登場時】あなたのステージにいるメンバーがすべて「曜」なら、デッキの上からカードを２枚見て、１枚を手札に加えて、１枚を裏向きでデッキの１番下に置く。	http://lovelive-sic.com/cardlist/cardimages/ll_06/ll_06_032_b.jpg	☆	4月17日	2年生		クール	スマイル	―	―	―	―	―
津島 善子	LL06-033	0603	【登場時】あなたのステージにいるメンバーがすべて「善子」なら、デッキの上からカードを２枚見て、１枚を手札に加えて、１枚を裏向きでデッキの１番下に置く。	http://lovelive-sic.com/cardlist/cardimages/ll_06/ll_06_033_b.jpg	☆	7月13日	1年生		スマイル	ピュア	―	―	―	―	―
国木田 花丸	LL06-034	0604	【登場時】あなたのステージにいるメンバーがすべて「花丸」なら、デッキの上からカードを２枚見て、１枚を手札に加えて、１枚を裏向きでデッキの１番下に置く。	http://lovelive-sic.com/cardlist/cardimages/ll_06/ll_06_034_b.jpg	☆	3月4日	1年生		ピュア	クール	―	―	―	―	―
小原 鞠莉	LL06-035	0605	【登場時】あなたのステージにいるメンバーがすべて「鞠莉」なら、デッキの上からカードを２枚見て、１枚を手札に加えて、１枚を裏向きでデッキの１番下に置く。	http://lovelive-sic.com/cardlist/cardimages/ll_06/ll_06_035_b.jpg	☆	6月13日	3年生		ピュア	クール	―	―	―	―	―
黒澤 ルビィ	LL06-036	0606	【登場時】あなたのステージにいるメンバーがすべて「ルビィ」なら、デッキの上からカードを２枚見て、１枚を手札に加えて、１枚を裏向きでデッキの１番下に置く。	http://lovelive-sic.com/cardlist/cardimages/ll_06/ll_06_036_b.jpg	☆	9月21日	1年生		クール	スマイル	―	―	―	―	―
高海 千歌	LL06-037	0607	【ライブ参加時】この《ライブ》に「曜」と「ルビィ」が２人とも参加するなら、＋【緑】【青】する。	http://lovelive-sic.com/cardlist/cardimages/ll_06/ll_06_037_b.jpg	☆	8月1日	2年生		スマイル	―	―	―	―	―	―
桜内 梨子	LL06-038	0608	【ライブ参加時】この《ライブ》に「善子」と「鞠莉」が２人とも参加するなら、＋【赤】【緑】する。	http://lovelive-sic.com/cardlist/cardimages/ll_06/ll_06_038_b.jpg	☆	9月19日	2年生		クール	―	―	―	―	―	―
松浦 果南	LL06-039	0609	【ライブ参加時】この《ライブ》に「ダイヤ」と「花丸」が２人とも参加するなら、＋【青】【赤】する。	http://lovelive-sic.com/cardlist/cardimages/ll_06/ll_06_039_b.jpg	☆	2月10日	3年生		ピュア	―	―	―	―	―	―
黒澤 ダイヤ	LL06-040	0610	【ライブ参加時】この《ライブ》に「果南」と「花丸」が２人とも参加するなら、＋【赤】【緑】する。	http://lovelive-sic.com/cardlist/cardimages/ll_06/ll_06_040_b.jpg	☆	1月1日	3年生		クール	―	―	―	―	―	―
渡辺 曜	LL06-041	0611	【ライブ参加時】この《ライブ》に「千歌」と「ルビィ」が２人とも参加するなら、＋【青】【赤】する。	http://lovelive-sic.com/cardlist/cardimages/ll_06/ll_06_041_b.jpg	☆	4月17日	2年生		ピュア	―	―	―	―	―	―
津島 善子	LL06-042	0612	【ライブ参加時】この《ライブ》に「梨子」と「鞠莉」が２人とも参加するなら、＋【赤】【緑】する。	http://lovelive-sic.com/cardlist/cardimages/ll_06/ll_06_042_b.jpg	☆	7月13日	1年生		クール	―	―	―	―	―	―
国木田 花丸	LL06-043	0613	【ライブ参加時】この《ライブ》に「果南」と「ダイヤ」が２人とも参加するなら、＋【緑】【青】する。	http://lovelive-sic.com/cardlist/cardimages/ll_06/ll_06_043_b.jpg	☆	3月4日	1年生		スマイル	―	―	―	―	―	―
小原 鞠莉	LL06-044	0614	【ライブ参加時】この《ライブ》に「梨子」と「善子」が２人とも参加するなら、＋【緑】【青】する。	http://lovelive-sic.com/cardlist/cardimages/ll_06/ll_06_044_b.jpg	☆	6月13日	3年生		スマイル	―	―	―	―	―	―
黒澤 ルビィ	LL06-045	0615	【ライブ参加時】この《ライブ》に「千歌」と「曜」が２人とも参加するなら、＋【青】【赤】する。	http://lovelive-sic.com/cardlist/cardimages/ll_06/ll_06_045_b.jpg	☆	9月21日	1年生		ピュア	―	―	―	―	―	―
高海 千歌	LL06-046	0616	【登場時】あなたは手札にある「千歌」のカード２枚を全員に見せて好きな順番で裏向きでデッキの１番下に置いてよい。そうしたら、デッキの１番上のカードを《登場》する。	http://lovelive-sic.com/cardlist/cardimages/ll_06/ll_06_046_b.jpg	☆☆	8月1日	2年生		スマイル	オール	―	―	―	―	―
桜内 梨子	LL06-047	0617	【登場時】あなたのステージにいるメンバーがすべて「梨子」で、あなたのセットリストにある表向きの楽曲カードが２色以上あるなら、もう１回ターンを行う。	http://lovelive-sic.com/cardlist/cardimages/ll_06/ll_06_047_b.jpg	☆☆	9月19日	2年生		オール	―	―	―	―	―	―
松浦 果南	LL06-048	0618	【登場時】あなたのデッキの上からカード３枚を全員に見せる。その中からメンバー１人を手札に加えて、残りのカードを好きな順番で裏向きでデッキの１番下に置く。下に置いたのがすべて「果南」なら、手札から【LIVE】を持つ「果南」１人を《登場》してよい。	http://lovelive-sic.com/cardlist/cardimages/ll_06/ll_06_048_b.jpg	☆☆	2月10日	3年生		ピュア	ピュア	―	―	―	―	―
黒澤 ダイヤ	LL06-049	0619	【ライブ参加時】手札から《登場》し、自身の【LIVE】によって《ライブ》して、それに参加しているメンバーがすべて「ダイヤ」なら、＋【青】する。	http://lovelive-sic.com/cardlist/cardimages/ll_06/ll_06_049_b.jpg	☆☆	1月1日	3年生		オール	―	―	―	―	LIVE	―
渡辺 曜	LL06-050	0620	【登場時】あなたの待機中のメンバーがすべて「曜」なら、カードを２枚引く。さらに待機中の「曜」のライブ衣装が３種類以上あるなら、このメンバーを参加させて《ライブ》してよい。	http://lovelive-sic.com/cardlist/cardimages/ll_06/ll_06_050_b.jpg	☆☆	4月17日	2年生		ピュア	―	―	―	―	―	―
津島 善子	LL06-051	0621	【登場時】このゲームであなたがターンを休んでいたなら、このメンバーを参加させて《ライブ》してよい。ターンを休んでいないなら、カードを３枚引く。 【ライブ参加時】この《ライブ》に参加するメンバーが４人以上で、すべて「善子」なら、＋【青】する。	http://lovelive-sic.com/cardlist/cardimages/ll_06/ll_06_051_b.jpg	☆☆	7月13日	1年生		クール	―	―	―	―	―	―
国木田 花丸	LL06-052	0622	【ライブ参加時】この《ライブ》に参加するメンバーがすべて「花丸」なら、参加するほかのメンバーの【赤】と【緑】と【青】のピースをすべて【オール】にする。	http://lovelive-sic.com/cardlist/cardimages/ll_06/ll_06_052_b.jpg	☆☆	3月4日	1年生		スマイル	スマイル	オール	―	―	―	―
小原 鞠莉	LL06-053	0623	【登場時】あなたのデッキの１番上のカードを表向きにする。表向きにしたメンバーが「鞠莉」なら、《勧誘》する。 【ライブ参加時】あなたは手札にある「鞠莉」のカード１枚を全員に見せてよい。そうしたら、＋【赤】か＋【緑】か＋【青】する。（その後、見せたカードを手札に戻す。）	http://lovelive-sic.com/cardlist/cardimages/ll_06/ll_06_053_b.jpg	☆☆	6月13日	3年生		オール	―	―	―	―	―	―
黒澤 ルビィ	LL06-054	0624	【登場時】デッキから《登場》したなら、カードを２枚引く。「ルビィ」のスキルによってデッキから《登場》したなら、さらに手札からメンバー１人を《登場》する。	http://lovelive-sic.com/cardlist/cardimages/ll_06/ll_06_054_b.jpg	☆☆	9月21日	1年生		ピュア	オール	―	―	―	―	―
高海 千歌	LL06-067	0637	―	http://lovelive-sic.com/cardlist/cardimages/SECRET.jpg	☆☆☆	8月1日	2年生		ピュア	ピュア	クール	スマイル	―	―	―
桜内 梨子	LL06-068	0638	―	http://lovelive-sic.com/cardlist/cardimages/SECRET.jpg	☆☆☆	9月19日	2年生		スマイル	スマイル	ピュア	クール	―	―	―
松浦 果南	LL06-069	0639	―	http://lovelive-sic.com/cardlist/cardimages/SECRET.jpg	☆☆☆	2月10日	3年生		クール	クール	スマイル	ピュア	―	―	―
黒澤 ダイヤ	LL06-070	0640	―	http://lovelive-sic.com/cardlist/cardimages/SECRET.jpg	☆☆☆	1月1日	3年生		スマイル	スマイル	ピュア	クール	―	―	―
渡辺 曜	LL06-071	0641	―	http://lovelive-sic.com/cardlist/cardimages/SECRET.jpg	☆☆☆	4月17日	2年生		クール	クール	スマイル	ピュア	―	―	―
津島 善子	LL06-072	0642	―	http://lovelive-sic.com/cardlist/cardimages/SECRET.jpg	☆☆☆	7月13日	1年生		スマイル	スマイル	ピュア	クール	―	―	―
国木田 花丸	LL06-073	0643	―	http://lovelive-sic.com/cardlist/cardimages/SECRET.jpg	☆☆☆	3月4日	1年生		ピュア	ピュア	クール	スマイル	―	―	―
小原 鞠莉	LL06-074	0644	―	http://lovelive-sic.com/cardlist/cardimages/SECRET.jpg	☆☆☆	6月13日	3年生		ピュア	ピュア	クール	スマイル	―	―	―
黒澤 ルビィ	LL06-075	0645	―	http://lovelive-sic.com/cardlist/cardimages/SECRET.jpg	☆☆☆	9月21日	1年生		クール	クール	スマイル	ピュア	―	―	―
高海 千歌	LL06-076	0637	―	http://lovelive-sic.com/cardlist/cardimages/SECRET.jpg	☆☆☆	8月1日	2年生		ピュア	ピュア	クール	スマイル	―	―	―
桜内 梨子	LL06-077	0638	―	http://lovelive-sic.com/cardlist/cardimages/SECRET.jpg	☆☆☆	9月19日	2年生		スマイル	スマイル	ピュア	クール	―	―	―
松浦 果南	LL06-078	0639	―	http://lovelive-sic.com/cardlist/cardimages/SECRET.jpg	☆☆☆	2月10日	3年生		クール	クール	スマイル	ピュア	―	―	―
黒澤 ダイヤ	LL06-079	0640	―	http://lovelive-sic.com/cardlist/cardimages/SECRET.jpg	☆☆☆	1月1日	3年生		スマイル	スマイル	ピュア	クール	―	―	―
渡辺 曜	LL06-080	0641	―	http://lovelive-sic.com/cardlist/cardimages/SECRET.jpg	☆☆☆	4月17日	2年生		クール	クール	スマイル	ピュア	―	―	―
津島 善子	LL06-081	0642	―	http://lovelive-sic.com/cardlist/cardimages/SECRET.jpg	☆☆☆	7月13日	1年生		スマイル	スマイル	ピュア	クール	―	―	―
国木田 花丸	LL06-082	0643	―	http://lovelive-sic.com/cardlist/cardimages/SECRET.jpg	☆☆☆	3月4日	1年生		ピュア	ピュア	クール	スマイル	―	―	―
小原 鞠莉	LL06-083	0644	―	http://lovelive-sic.com/cardlist/cardimages/SECRET.jpg	☆☆☆	6月13日	3年生		ピュア	ピュア	クール	スマイル	―	―	―
黒澤 ルビィ	LL06-084	0645	―	http://lovelive-sic.com/cardlist/cardimages/SECRET.jpg	☆☆☆	9月21日	1年生		クール	クール	スマイル	ピュア	―	―	―
高坂 穂乃果	EX01-001	0001	（【RUSH】を持つメンバーが《登場》したとき、１ターンにつき１回まで、あなたは手札からメンバー１人を《登場》してよい。）	http://lovelive-sic.com/cardlist/cardimages/ex_01/ex_01_001_b.jpg	☆	8月3日	2年生		スマイル	－	－	－	－	RUSH	－
絢瀬 絵里	EX01-002	0002	（【RUSH】を持つメンバーが《登場》したとき、１ターンにつき１回まで、あなたは手札からメンバー１人を《登場》してよい。）	http://lovelive-sic.com/cardlist/cardimages/ex_01/ex_01_002_b.jpg	☆	10月21日	3年生		クール	－	－	－	－	RUSH	－
南 ことり	EX01-003	0003	（【RUSH】を持つメンバーが《登場》したとき、１ターンにつき１回まで、あなたは手札からメンバー１人を《登場》してよい。）	http://lovelive-sic.com/cardlist/cardimages/ex_01/ex_01_003_b.jpg	☆	9月12日	2年生		ピュア	－	－	－	－	RUSH	－
園田 海未	EX01-004	0004	（【LIVE】を持つメンバーが《登場》したとき、あなたはそのメンバーを参加させて《ライブ》してよい。）	http://lovelive-sic.com/cardlist/cardimages/ex_01/ex_01_004_b.jpg	☆	3月15日	2年生		クール	－	－	－	－	LIVE	－
星空 凛	EX01-005	0005	（【RUSH】を持つメンバーが《登場》したとき、１ターンにつき１回まで、あなたは手札からメンバー１人を《登場》してよい。）	http://lovelive-sic.com/cardlist/cardimages/ex_01/ex_01_005_b.jpg	☆	11月1日	1年生		スマイル	－	－	－	－	RUSH	－
西木野 真姫	EX01-006	0006	（【RUSH】を持つメンバーが《登場》したとき、１ターンにつき１回まで、あなたは手札からメンバー１人を《登場》してよい。）	http://lovelive-sic.com/cardlist/cardimages/ex_01/ex_01_006_b.jpg	☆	4月19日	1年生		クール	－	－	－	－	RUSH	－
東條 希	EX01-007	0007	（【RUSH】を持つメンバーが《登場》したとき、１ターンにつき１回まで、あなたは手札からメンバー１人を《登場》してよい。）	http://lovelive-sic.com/cardlist/cardimages/ex_01/ex_01_007_b.jpg	☆	6月9日	3年生		ピュア	－	－	－	－	RUSH	－
小泉 花陽	EX01-008	0008	（【LIVE】を持つメンバーが《登場》したとき、あなたはそのメンバーを参加させて《ライブ》してよい。）	http://lovelive-sic.com/cardlist/cardimages/ex_01/ex_01_008_b.jpg	☆	1月17日	1年生		ピュア	－	－	－	－	LIVE	－
矢澤 にこ	EX01-009	0009	（【LIVE】を持つメンバーが《登場》したとき、あなたはそのメンバーを参加させて《ライブ》してよい。）	http://lovelive-sic.com/cardlist/cardimages/ex_01/ex_01_009_b.jpg	☆	7月22日	3年生		スマイル	－	－	－	－	LIVE	－
高坂 穂乃果	EX01-010	0010	－	http://lovelive-sic.com/cardlist/cardimages/ex_01/ex_01_010_b.jpg	－	8月3日	2年生		スマイル	ピュア	－	－	－	－	－
絢瀬 絵里	EX01-011	0011	－	http://lovelive-sic.com/cardlist/cardimages/ex_01/ex_01_011_b.jpg	－	10月21日	3年生		クール	スマイル	－	－	－	－	－
南 ことり	EX01-012	0012	－	http://lovelive-sic.com/cardlist/cardimages/ex_01/ex_01_012_b.jpg	－	9月12日	2年生		ピュア	クール	－	－	－	－	－
園田 海未	EX01-013	0013	－	http://lovelive-sic.com/cardlist/cardimages/ex_01/ex_01_013_b.jpg	－	3月15日	2年生		クール	スマイル	－	－	－	－	－
星空 凛	EX01-014	0014	－	http://lovelive-sic.com/cardlist/cardimages/ex_01/ex_01_014_b.jpg	－	11月1日	1年生		スマイル	ピュア	－	－	－	－	－
西木野 真姫	EX01-015	0015	－	http://lovelive-sic.com/cardlist/cardimages/ex_01/ex_01_015_b.jpg	－	4月19日	1年生		クール	スマイル	－	－	－	－	－
東條 希	EX01-016	0016	－	http://lovelive-sic.com/cardlist/cardimages/ex_01/ex_01_016_b.jpg	－	6月9日	3年生		ピュア	クール	－	－	－	－	－
小泉 花陽	EX01-017	0017	－	http://lovelive-sic.com/cardlist/cardimages/ex_01/ex_01_017_b.jpg	－	1月17日	1年生		ピュア	クール	－	－	－	－	－
矢澤 にこ	EX01-018	0018	－	http://lovelive-sic.com/cardlist/cardimages/ex_01/ex_01_018_b.jpg	－	7月22日	3年生		スマイル	ピュア	－	－	－	－	－
高坂 穂乃果	EX01-019	0019	－	http://lovelive-sic.com/cardlist/cardimages/ex_01/ex_01_019_b.jpg	－	8月3日	2年生		スマイル	スマイル	－	－	－	－	タカラモノズ
絢瀬 絵里	EX01-020	0020	－	http://lovelive-sic.com/cardlist/cardimages/ex_01/ex_01_020_b.jpg	－	10月21日	3年生		クール	クール	－	－	－	－	タカラモノズ
南 ことり	EX01-021	0021	－	http://lovelive-sic.com/cardlist/cardimages/ex_01/ex_01_021_b.jpg	－	9月12日	2年生		ピュア	ピュア	－	－	－	－	タカラモノズ
園田 海未	EX01-022	0022	－	http://lovelive-sic.com/cardlist/cardimages/ex_01/ex_01_022_b.jpg	－	3月15日	2年生		クール	クール	－	－	－	－	タカラモノズ
星空 凛	EX01-023	0023	－	http://lovelive-sic.com/cardlist/cardimages/ex_01/ex_01_023_b.jpg	－	11月1日	1年生		スマイル	スマイル	－	－	－	－	タカラモノズ
西木野 真姫	EX01-024	0024	－	http://lovelive-sic.com/cardlist/cardimages/ex_01/ex_01_024_b.jpg	－	4月19日	1年生		クール	クール	－	－	－	－	タカラモノズ
東條 希	EX01-025	0025	－	http://lovelive-sic.com/cardlist/cardimages/ex_01/ex_01_025_b.jpg	－	6月9日	3年生		ピュア	ピュア	－	－	－	－	タカラモノズ
小泉 花陽	EX01-026	0026	－	http://lovelive-sic.com/cardlist/cardimages/ex_01/ex_01_026_b.jpg	－	1月17日	1年生		ピュア	ピュア	－	－	－	－	タカラモノズ
矢澤 にこ	EX01-027	0027	－	http://lovelive-sic.com/cardlist/cardimages/ex_01/ex_01_027_b.jpg	－	7月22日	3年生		スマイル	スマイル	－	－	－	－	タカラモノズ
高海 千歌	EX03-001	327	（【RUSH】を持つメンバーが《登場》したとき、１ターンにつき１回まで、あなたは手札からメンバー１人を《登場》してよい。）	http://lovelive-sic.com/cardlist/cardimages/ex_03/ex_03_001_b.jpg	―	8月1日	2年生		スマイル	―	―	―	―	RUSH	―
桜内 梨子	EX03-002	328	（【LIVE】を持つメンバーが《登場》したとき、あなたはそのメンバーを参加させて《ライブ》してよい。）	http://lovelive-sic.com/cardlist/cardimages/ex_03/ex_03_002_b.jpg	―	9月19日	2年生		クール	―	―	―	―	LIVE	―
松浦 果南	EX03-003	329	（【LIVE】を持つメンバーが《登場》したとき、あなたはそのメンバーを参加させて《ライブ》してよい。）	http://lovelive-sic.com/cardlist/cardimages/ex_03/ex_03_003_b.jpg	―	2月10日	3年生		ピュア	―	―	―	―	LIVE	―
黒澤 ダイヤ	EX03-004	330	（【RUSH】を持つメンバーが《登場》したとき、１ターンにつき１回まで、あなたは手札からメンバー１人を《登場》してよい。）	http://lovelive-sic.com/cardlist/cardimages/ex_03/ex_03_004_b.jpg	―	1月1日	3年生		クール	―	―	―	―	RUSH	―
渡辺 曜	EX03-005	331	（【RUSH】を持つメンバーが《登場》したとき、１ターンにつき１回まで、あなたは手札からメンバー１人を《登場》してよい。）	http://lovelive-sic.com/cardlist/cardimages/ex_03/ex_03_005_b.jpg	―	4月17日	2年生		ピュア	―	―	―	―	RUSH	―
津島 善子	EX03-006	332	（【RUSH】を持つメンバーが《登場》したとき、１ターンにつき１回まで、あなたは手札からメンバー１人を《登場》してよい。）	http://lovelive-sic.com/cardlist/cardimages/ex_03/ex_03_006_b.jpg	―	7月13日	1年生		クール	―	―	―	―	RUSH	―
国木田 花丸	EX03-007	333	（【RUSH】を持つメンバーが《登場》したとき、１ターンにつき１回まで、あなたは手札からメンバー１人を《登場》してよい。）	http://lovelive-sic.com/cardlist/cardimages/ex_03/ex_03_007_b.jpg	―	3月4日	1年生		スマイル	―	―	―	―	RUSH	―
小原 鞠莉	EX03-008	334	（【RUSH】を持つメンバーが《登場》したとき、１ターンにつき１回まで、あなたは手札からメンバー２人を《登場》してよい。）	http://lovelive-sic.com/cardlist/cardimages/ex_03/ex_03_008_b.jpg	―	6月13日	3年生		スマイル	―	―	―	―	RUSH	―
黒澤 ルビィ	EX03-009	335	（【LIVE】を持つメンバーが《登場》したとき、あなたはそのメンバーを参加させて《ライブ》してよい。）	http://lovelive-sic.com/cardlist/cardimages/ex_03/ex_03_009_b.jpg	―	9月21日	1年生		ピュア	―	―	―	―	LIVE	―
高海 千歌	EX03-010	336	―	http://lovelive-sic.com/cardlist/cardimages/ex_03/ex_03_010_b.jpg	―	8月1日	2年生		スマイル	スマイル	―	―	―	―	君のこころは輝いてるかい？
桜内 梨子	EX03-011	337	―	http://lovelive-sic.com/cardlist/cardimages/ex_03/ex_03_011_b.jpg	―	9月19日	2年生		クール	クール	―	―	―	―	君のこころは輝いてるかい？
松浦 果南	EX03-012	338	―	http://lovelive-sic.com/cardlist/cardimages/ex_03/ex_03_012_b.jpg	―	2月10日	3年生		ピュア	ピュア	―	―	―	―	君のこころは輝いてるかい？
黒澤 ダイヤ	EX03-013	339	―	http://lovelive-sic.com/cardlist/cardimages/ex_03/ex_03_013_b.jpg	―	1月1日	3年生		クール	クール	―	―	―	―	君のこころは輝いてるかい？
渡辺 曜	EX03-014	340	―	http://lovelive-sic.com/cardlist/cardimages/ex_03/ex_03_014_b.jpg	―	4月17日	2年生		ピュア	ピュア	―	―	―	―	君のこころは輝いてるかい？
津島 善子	EX03-015	341	―	http://lovelive-sic.com/cardlist/cardimages/ex_03/ex_03_015_b.jpg	―	7月13日	1年生		クール	クール	―	―	―	―	君のこころは輝いてるかい？
国木田 花丸	EX03-016	342	―	http://lovelive-sic.com/cardlist/cardimages/ex_03/ex_03_016_b.jpg	―	3月4日	1年生		スマイル	スマイル	―	―	―	―	君のこころは輝いてるかい？
小原 鞠莉	EX03-017	343	―	http://lovelive-sic.com/cardlist/cardimages/ex_03/ex_03_017_b.jpg	―	6月13日	3年生		スマイル	スマイル	―	―	―	―	君のこころは輝いてるかい？
黒澤 ルビィ	EX03-018	344	―	http://lovelive-sic.com/cardlist/cardimages/ex_03/ex_03_018_b.jpg	―	9月21日	1年生		ピュア	ピュア	―	―	―	―	君のこころは輝いてるかい？
高海 千歌	EX03-019	345	―	http://lovelive-sic.com/cardlist/cardimages/ex_03/ex_03_019_b.jpg	―	8月1日	2年生		スマイル	ピュア	―	―	―	―	―
桜内 梨子	EX03-020	346	―	http://lovelive-sic.com/cardlist/cardimages/ex_03/ex_03_020_b.jpg	―	9月19日	2年生		クール	スマイル	―	―	―	―	―
松浦 果南	EX03-021	347	―	http://lovelive-sic.com/cardlist/cardimages/ex_03/ex_03_021_b.jpg	―	2月10日	3年生		ピュア	クール	―	―	―	―	―
黒澤 ダイヤ	EX03-022	348	―	http://lovelive-sic.com/cardlist/cardimages/ex_03/ex_03_022_b.jpg	―	1月1日	3年生		クール	スマイル	―	―	―	―	―
渡辺 曜	EX03-023	349	―	http://lovelive-sic.com/cardlist/cardimages/ex_03/ex_03_023_b.jpg	―	4月17日	2年生		ピュア	クール	―	―	―	―	―
津島 善子	EX03-024	350	―	http://lovelive-sic.com/cardlist/cardimages/ex_03/ex_03_024_b.jpg	―	7月13日	1年生		クール	スマイル	―	―	―	―	―
国木田 花丸	EX03-025	351	―	http://lovelive-sic.com/cardlist/cardimages/ex_03/ex_03_025_b.jpg	―	3月4日	1年生		スマイル	ピュア	―	―	―	―	―
小原 鞠莉	EX03-026	352	―	http://lovelive-sic.com/cardlist/cardimages/ex_03/ex_03_026_b.jpg	―	6月13日	3年生		スマイル	ピュア	―	―	―	―	―
黒澤 ルビィ	EX03-027	353	―	http://lovelive-sic.com/cardlist/cardimages/ex_03/ex_03_027_b.jpg	―	9月21日	1年生		ピュア	クール	―	―	―	―	―
高海 千歌	EX04-001	562	【登場時】カードを１枚引く。 【ライブ参加時】あなたのステージにいるメンバーがすべて「千歌」なら、＋【緑】【青】する。	http://lovelive-sic.com/cardlist/cardimages/ex_04/ex_04_001_b.jpg	☆☆	8月1日	2年生		スマイル	―	―	―	―	―	―
桜内 梨子	EX04-002	563	【登場時】カードを１枚引く。 【ライブ参加時】あなたのステージにいるメンバーがすべて「梨子」なら、＋【赤】【緑】する。	http://lovelive-sic.com/cardlist/cardimages/ex_04/ex_04_002_b.jpg	☆☆	9月19日	2年生		クール	―	―	―	―	―	―
松浦 果南	EX04-003	564	【登場時】カードを１枚引く。 【ライブ参加時】あなたのステージにいるメンバーがすべて「果南」なら、＋【青】【赤】する。	http://lovelive-sic.com/cardlist/cardimages/ex_04/ex_04_003_b.jpg	☆☆	2月10日	3年生		ピュア	―	―	―	―	―	―
黒澤 ダイヤ	EX04-004	565	【登場時】カードを１枚引く。 【ライブ参加時】あなたのステージにいるメンバーがすべて「ダイヤ」なら、＋【赤】【緑】する。	http://lovelive-sic.com/cardlist/cardimages/ex_04/ex_04_004_b.jpg	☆☆	1月1日	3年生		クール	―	―	―	―	―	―
渡辺 曜	EX04-005	566	【登場時】カードを１枚引く。 【ライブ参加時】あなたのステージにいるメンバーがすべて「曜」なら、＋【青】【赤】する。	http://lovelive-sic.com/cardlist/cardimages/ex_04/ex_04_005_b.jpg	☆☆	4月17日	2年生		ピュア	―	―	―	―	―	―
津島 善子	EX04-006	567	【登場時】カードを１枚引く。 【ライブ参加時】あなたのステージにいるメンバーがすべて「善子」なら、＋【赤】【緑】する。	http://lovelive-sic.com/cardlist/cardimages/ex_04/ex_04_006_b.jpg	☆☆	7月13日	1年生		クール	―	―	―	―	―	―
国木田 花丸	EX04-007	568	【登場時】カードを１枚引く。 【ライブ参加時】あなたのステージにいるメンバーがすべて「花丸」なら、＋【緑】【青】する。	http://lovelive-sic.com/cardlist/cardimages/ex_04/ex_04_007_b.jpg	☆☆	3月4日	1年生		スマイル	―	―	―	―	―	―
小原 鞠莉	EX04-008	569	【登場時】カードを１枚引く。 【ライブ参加時】あなたのステージにいるメンバーがすべて「鞠莉」なら、＋【緑】【青】する。	http://lovelive-sic.com/cardlist/cardimages/ex_04/ex_04_008_b.jpg	☆☆	6月13日	3年生		スマイル	―	―	―	―	―	―
黒澤 ルビィ	EX04-009	570	【登場時】カードを１枚引く。 【ライブ参加時】あなたのステージにいるメンバーがすべて「ルビィ」なら、＋【青】【赤】する。	http://lovelive-sic.com/cardlist/cardimages/ex_04/ex_04_009_b.jpg	☆☆	9月21日	1年生		ピュア	―	―	―	―	―	―
高坂 穂乃果	PR-001	1	－	http://lovelive-sic.com/cardlist/cardimages/pr/pr_001_b.jpg	☆	8月3日	2年生		スマイル	－	－	－	－	RUSH	－
絢瀬 絵里	PR-002	2	－	http://lovelive-sic.com/cardlist/cardimages/pr/pr_002_b.jpg	☆	10月21日	3年生		クール	－	－	－	－	RUSH	－
南 ことり	PR-003	3	－	http://lovelive-sic.com/cardlist/cardimages/pr/pr_003_b.jpg	☆	9月12日	2年生		ピュア	－	－	－	－	RUSH	－
園田 海未	PR-004	4	－	http://lovelive-sic.com/cardlist/cardimages/pr/pr_004_b.jpg	☆	3月15日	2年生		クール	－	－	－	－	LIVE	－
星空 凛	PR-005	5	－	http://lovelive-sic.com/cardlist/cardimages/pr/pr_005_b.jpg	☆	11月1日	1年生		スマイル	－	－	－	－	RUSH	－
西木野 真姫	PR-006	6	－	http://lovelive-sic.com/cardlist/cardimages/pr/pr_006_b.jpg	☆	4月19日	1年生		クール	－	－	－	－	RUSH	－
東條 希	PR-007	7	－	http://lovelive-sic.com/cardlist/cardimages/pr/pr_007_b.jpg	☆	6月9日	3年生		ピュア	－	－	－	－	RUSH	－
小泉 花陽	PR-008	8	－	http://lovelive-sic.com/cardlist/cardimages/pr/pr_008_b.jpg	☆	1月17日	1年生		ピュア	－	－	－	－	LIVE	－
矢澤 にこ	PR-009	9	－	http://lovelive-sic.com/cardlist/cardimages/pr/pr_009_b.jpg	☆	7月22日	3年生		スマイル	－	－	－	－	LIVE	－
星空 凛	PR-010	119	【ライブ参加時】全員が楽曲カードを１枚もライブ中でないなら、＋【オール】する。	http://lovelive-sic.com/cardlist/cardimages/pr/pr_010_b.jpg	☆	11月1日	1年生		クール	－	－	－	－	－	－
星空 凛	PR-011	120	【ライブ参加時】このライブにメンバーが４人以上参加するなら、＋【オール】する。	http://lovelive-sic.com/cardlist/cardimages/pr/pr_011_b.jpg	☆	11月1日	1年生		ピュア	－	－	－	－	－	－
高坂 穂乃果	PR-013	122	【ライブ参加時】このライブに参加するメンバーが持つ【☆】が合計で６個以上あるなら、＋【オール】する。	http://lovelive-sic.com/cardlist/cardimages/pr/pr_013_b.jpg	☆	8月3日	2年生		スマイル	―	―	―	―	―	―
絢瀬 絵里	PR-014	123	【登場時】カードを１枚引く。	http://lovelive-sic.com/cardlist/cardimages/pr/pr_014_b.jpg	☆	10月21日	3年生		クール	クール	―	―	―	―	―
南 ことり	PR-015	124	【登場時】カードを１枚引く。	http://lovelive-sic.com/cardlist/cardimages/pr/pr_015_b.jpg	☆	9月12日	2年生		ピュア	ピュア	―	―	―	―	―
園田 海未	PR-016	125	【ライブ参加時】あなたのライブＰがどのあいてよりも低いなら、＋【オール】する。	http://lovelive-sic.com/cardlist/cardimages/pr/pr_016_b.jpg	☆	3月15日	2年生		クール	―	―	―	―	―	―
星空 凛	PR-017	126	【登場時】カードを１枚引く。	http://lovelive-sic.com/cardlist/cardimages/pr/pr_017_b.jpg	☆	11月1日	1年生		スマイル	スマイル	―	―	―	―	―
西木野 真姫	PR-018	127	【ライブ参加時】このライブに参加するメンバーが持つ【☆】が合計で６個以上あるなら、＋【オール】する。	http://lovelive-sic.com/cardlist/cardimages/pr/pr_018_b.jpg	☆	4月19日	1年生		クール	―	―	―	―	―	―
東條 希	PR-019	128	【ライブ参加時】このライブに参加するメンバーが持つ【☆】が合計で６個以上あるなら、＋【オール】する。	http://lovelive-sic.com/cardlist/cardimages/pr/pr_019_b.jpg	☆	6月9日	3年生		ピュア	―	―	―	―	―	―
小泉 花陽	PR-020	129	【ライブ参加時】あなたのライブＰがどのあいてよりも低いなら、＋【オール】する。	http://lovelive-sic.com/cardlist/cardimages/pr/pr_020_b.jpg	☆	1月17日	1年生		ピュア	―	―	―	―	―	―
矢澤 にこ	PR-021	130	【ライブ参加時】あなたのライブＰがどのあいてよりも低いなら、＋【オール】する。	http://lovelive-sic.com/cardlist/cardimages/pr/pr_021_b.jpg	☆	7月22日	3年生		スマイル	―	―	―	―	―	―
矢澤 にこ	PR-022	118	【ライブ参加時】あなたのセットリストにある裏向きのカードがどのあいてよりも多いなら、＋【オール】する。	http://lovelive-sic.com/cardlist/cardimages/pr/pr_022_b.jpg	☆	7月22日	3年生		スマイル	―	―	―	―	―	―
高坂 穂乃果	PR-023	308	【ライブ参加時】スキルのある楽曲カードの《ライブ》に参加するなら、＋【オール】する。	http://lovelive-sic.com/cardlist/cardimages/pr/pr_023_b.jpg	☆	8月3日	2年生		スマイル	―	―	―	―	―	―
絢瀬 絵里	PR-024	309	【登場時】デッキの１番上のカードを見る。（あなただけが見て、その後、元に戻す。）	http://lovelive-sic.com/cardlist/cardimages/pr/pr_024_b.jpg	☆	10月21日	3年生		スマイル	ピュア	―	―	―	―	―
南 ことり	PR-025	310	【登場時】デッキの１番上のカードを見る。（あなただけが見て、その後、元に戻す。）	http://lovelive-sic.com/cardlist/cardimages/pr/pr_025_b.jpg	☆	9月12日	2年生		クール	スマイル	―	―	―	―	―
園田 海未	PR-026	311	【登場時】カードを１枚引く。	http://lovelive-sic.com/cardlist/cardimages/pr/pr_026_b.jpg	☆	3月15日	2年生		クール	クール	―	―	―	―	―
星空 凛	PR-027	312	【登場時】デッキの１番上のカードを見る。（あなただけが見て、その後、元に戻す。）	http://lovelive-sic.com/cardlist/cardimages/pr/pr_027_b.jpg	☆	11月1日	1年生		ピュア	クール	―	―	―	―	―
西木野 真姫	PR-028	313	【ライブ参加時】スキルのある楽曲カードの《ライブ》に参加するなら、＋【オール】する。	http://lovelive-sic.com/cardlist/cardimages/pr/pr_028_b.jpg	☆	4月19日	1年生		クール	―	―	―	―	―	―
東條 希	PR-029	314	【ライブ参加時】スキルのある楽曲カードの《ライブ》に参加するなら、＋【オール】する。	http://lovelive-sic.com/cardlist/cardimages/pr/pr_029_b.jpg	☆	6月9日	3年生		ピュア	―	―	―	―	―	―
小泉 花陽	PR-030	315	【登場時】カードを１枚引く。	http://lovelive-sic.com/cardlist/cardimages/pr/pr_030_b.jpg	☆	1月17日	1年生		ピュア	ピュア	―	―	―	―	―
矢澤 にこ	PR-031	316	【登場時】カードを１枚引く。	http://lovelive-sic.com/cardlist/cardimages/pr/pr_031_b.jpg	☆	7月22日	3年生		スマイル	スマイル	―	―	―	―	―
高海 千歌	PR-033	327	－	http://lovelive-sic.com/cardlist/cardimages/pr/pr_033_b.jpg	☆	8月1日	2年生		スマイル	－	－	－	－	RUSH	－
桜内 梨子	PR-034	328	－	http://lovelive-sic.com/cardlist/cardimages/pr/pr_034_b.jpg	☆	9月19日	2年生		クール	－	－	－	－	LIVE	－
松浦 果南	PR-035	329	－	http://lovelive-sic.com/cardlist/cardimages/pr/pr_035_b.jpg	☆	2月10日	3年生		ピュア	－	－	－	－	LIVE	－
黒澤 ダイヤ	PR-036	330	－	http://lovelive-sic.com/cardlist/cardimages/pr/pr_036_b.jpg	☆	1月1日	3年生		クール	－	－	－	－	RUSH	－
渡辺 曜	PR-037	331	－	http://lovelive-sic.com/cardlist/cardimages/pr/pr_037_b.jpg	☆	4月17日	2年生		ピュア	－	－	－	－	RUSH	－
津島 善子	PR-038	332	－	http://lovelive-sic.com/cardlist/cardimages/pr/pr_038_b.jpg	☆	7月13日	1年生		クール	－	－	－	－	RUSH	－
国木田 花丸	PR-039	333	－	http://lovelive-sic.com/cardlist/cardimages/pr/pr_039_b.jpg	☆	3月4日	1年生		スマイル	－	－	－	－	RUSH	－
小原 鞠莉	PR-040	334	－	http://lovelive-sic.com/cardlist/cardimages/pr/pr_040_b.jpg	☆	6月13日	3年生		スマイル	－	－	－	－	RUSH	－
黒澤 ルビィ	PR-041	335	－	http://lovelive-sic.com/cardlist/cardimages/pr/pr_041_b.jpg	☆	9月21日	1年生		ピュア	－	－	－	－	LIVE	－
高海 千歌	PR-042	318	－	http://lovelive-sic.com/cardlist/cardimages/pr/pr_042_b.jpg	☆	8月1日	2年生		オール	－	－	－	スマイル	―	―
桜内 梨子	PR-043	319	－	http://lovelive-sic.com/cardlist/cardimages/pr/pr_043_b.jpg	☆	9月19日	2年生		オール	―	―	―	クール	―	―
松浦 果南	PR-044	320	－	http://lovelive-sic.com/cardlist/cardimages/pr/pr_044_b.jpg	☆	2月10日	3年生		オール	―	―	―	ピュア	―	―
黒澤 ダイヤ	PR-045	321	－	http://lovelive-sic.com/cardlist/cardimages/pr/pr_045_b.jpg	☆	1月1日	3年生		オール	―	―	―	クール	―	―
渡辺 曜	PR-046	322	－	http://lovelive-sic.com/cardlist/cardimages/pr/pr_046_b.jpg	☆	4月17日	2年生		オール	―	―	―	ピュア	―	―
津島 善子	PR-047	323	－	http://lovelive-sic.com/cardlist/cardimages/pr/pr_047_b.jpg	☆	7月13日	1年生		オール	―	―	―	クール	―	―
国木田 花丸	PR-048	324	－	http://lovelive-sic.com/cardlist/cardimages/pr/pr_048_b.jpg	☆	3月4日	1年生		オール	―	―	―	スマイル	―	―
小原 鞠莉	PR-049	325	－	http://lovelive-sic.com/cardlist/cardimages/pr/pr_049_b.jpg	☆	6月13日	3年生		オール	―	―	―	スマイル	―	―
黒澤 ルビィ	PR-050	326	－	http://lovelive-sic.com/cardlist/cardimages/pr/pr_050_b.jpg	☆	9月21日	1年生		オール	―	―	―	ピュア	―	―
高海 千歌	PR-051	435	【登場時】あなたの待機中の【☆】を持たないメンバー１人を手札に戻してよい。そうしたら、手札から【☆】を持たないメンバー１人を《登場》する。	http://lovelive-sic.com/cardlist/cardimages/pr/pr_051_b.jpg	☆	8月1日	2年生		スマイル	ピュア	―	―	―	―	―
桜内 梨子	PR-052	436	【ライブ参加時】あなたのライブPが３点以上なら、＋【オール】する。	http://lovelive-sic.com/cardlist/cardimages/pr/pr_052_b.jpg	☆	9月19日	2年生		クール	―	―	―	―	―	―
松浦 果南	PR-053	437	【ライブ参加時】あなたのライブPが３点以上なら、＋【オール】する。	http://lovelive-sic.com/cardlist/cardimages/pr/pr_053_b.jpg	☆	2月10日	3年生		ピュア	―	―	―	―	―	―
黒澤 ダイヤ	PR-054	438	【登場時】あなたの待機中の【☆】を持たないメンバー１人を手札に戻してよい。そうしたら、手札から【☆】を持たないメンバー１人を《登場》する。	http://lovelive-sic.com/cardlist/cardimages/pr/pr_054_b.jpg	☆	1月1日	3年生		クール	スマイル	―	―	―	―	―
渡辺 曜	PR-055	439	【登場時】カードを１枚引く。	http://lovelive-sic.com/cardlist/cardimages/pr/pr_055_b.jpg	☆	4月17日	2年生		ピュア	ピュア	―	―	―	―	―
津島 善子	PR-056	440	【登場時】あなたの待機中の【☆】を持たないメンバー１人を手札に戻してよい。そうしたら、手札から【☆】を持たないメンバー１人を《登場》する。	http://lovelive-sic.com/cardlist/cardimages/pr/pr_056_b.jpg	☆	7月13日	1年生		クール	スマイル	―	―	―	―	―
国木田 花丸	PR-057	441	【登場時】カードを１枚引く。	http://lovelive-sic.com/cardlist/cardimages/pr/pr_057_b.jpg	☆	3月4日	1年生		スマイル	スマイル	―	―	―	―	―
小原 鞠莉	PR-058	442	【登場時】カードを１枚引く。	http://lovelive-sic.com/cardlist/cardimages/pr/pr_058_b.jpg	☆	6月13日	3年生		スマイル	スマイル	―	―	―	―	―
黒澤 ルビィ	PR-059	443	【ライブ参加時】あなたのライブPが３点以上なら、＋【オール】する。	http://lovelive-sic.com/cardlist/cardimages/pr/pr_059_b.jpg	☆	9月21日	1年生		ピュア	―	―	―	―	―	―
高海 千歌	PR-060	444	―	http://lovelive-sic.com/cardlist/cardimages/pr/pr_060_b.jpg	☆	8月1日	2年生		スマイル	―	―	―	―	RUSH	―
桜内 梨子	PR-061	445	―	http://lovelive-sic.com/cardlist/cardimages/pr/pr_061_b.jpg	☆	9月19日	2年生		クール	―	―	―	―	LIVE	―
松浦 果南	PR-062	446	―	http://lovelive-sic.com/cardlist/cardimages/pr/pr_062_b.jpg	☆	2月10日	3年生		ピュア	―	―	―	―	LIVE	―
黒澤 ダイヤ	PR-063	447	―	http://lovelive-sic.com/cardlist/cardimages/pr/pr_063_b.jpg	☆	1月1日	3年生		クール	―	―	―	―	RUSH	―
渡辺 曜	PR-064	448	―	http://lovelive-sic.com/cardlist/cardimages/pr/pr_064_b.jpg	☆	4月17日	2年生		ピュア	―	―	―	―	RUSH	―
津島 善子	PR-065	449	―	http://lovelive-sic.com/cardlist/cardimages/pr/pr_065_b.jpg	☆	7月13日	1年生		クール	―	―	―	―	RUSH	―
国木田 花丸	PR-066	450	―	http://lovelive-sic.com/cardlist/cardimages/pr/pr_066_b.jpg	☆	3月4日	1年生		スマイル	―	―	―	―	RUSH	―
小原 鞠莉	PR-067	451	―	http://lovelive-sic.com/cardlist/cardimages/pr/pr_067_b.jpg	☆	6月13日	3年生		スマイル	―	―	―	―	RUSH	―
黒澤 ルビィ	PR-068	452	―	http://lovelive-sic.com/cardlist/cardimages/pr/pr_068_b.jpg	☆	9月21日	1年生		ピュア	―	―	―	―	LIVE	―
高坂穂乃果	PR-070	454	【登場時】あなたのステージにいるメンバーがすべて「穂乃果」なら、デッキの上からカードを２枚見て、１枚を手札に加えて、１枚を裏向きでデッキの１番下に置く。	http://lovelive-sic.com/cardlist/cardimages/pr/pr_070_b.jpg	☆	8月3日	2年生		ピュア	クール	―	―	―	―	―
絢瀬絵里	PR-071	455	【登場時】あなたのステージにいるメンバーがすべて「絵里」なら、デッキの上からカードを２枚見て、１枚を手札に加えて、１枚を裏向きでデッキの１番下に置く。	http://lovelive-sic.com/cardlist/cardimages/pr/pr_071_b.jpg	☆	10月21日	3年生		スマイル	ピュア	―	―	―	―	―
南ことり	PR-072	456	【登場時】あなたのステージにいるメンバーがすべて「ことり」なら、デッキの上からカードを２枚見て、１枚を手札に加えて、１枚を裏向きでデッキの１番下に置く。	http://lovelive-sic.com/cardlist/cardimages/pr/pr_072_b.jpg	☆	9月12日	2年生		クール	スマイル	―	―	―	―	―
園田海未	PR-073	457	【登場時】あなたのステージにいるメンバーがすべて「海未」なら、デッキの上からカードを２枚見て、１枚を手札に加えて、１枚を裏向きでデッキの１番下に置く。	http://lovelive-sic.com/cardlist/cardimages/pr/pr_073_b.jpg	☆	3月15日	2年生		スマイル	ピュア	―	―	―	―	―
星空 凛	PR-074	458	【登場時】あなたのステージにいるメンバーがすべて「凛」なら、デッキの上からカードを２枚見て、１枚を手札に加えて、１枚を裏向きでデッキの１番下に置く。	http://lovelive-sic.com/cardlist/cardimages/pr/pr_074_b.jpg	☆	11月1日	1年生		ピュア	クール	―	―	―	―	―
西木野真姫	PR-075	459	【登場時】あなたのステージにいるメンバーがすべて「真姫」なら、デッキの上からカードを２枚見て、１枚を手札に加えて、１枚を裏向きでデッキの１番下に置く。	http://lovelive-sic.com/cardlist/cardimages/pr/pr_075_b.jpg	☆	4月19日	1年生		スマイル	ピュア	―	―	―	―	―
東條希	PR-076	460	【登場時】あなたのステージにいるメンバーがすべて「希」なら、デッキの上からカードを２枚見て、１枚を手札に加えて、１枚を裏向きでデッキの１番下に置く。	http://lovelive-sic.com/cardlist/cardimages/pr/pr_076_b.jpg	☆	6月9日	3年生		クール	スマイル	―	―	―	―	―
小泉花陽	PR-077	461	【登場時】あなたのステージにいるメンバーがすべて「花陽」なら、デッキの上からカードを２枚見て、１枚を手札に加えて、１枚を裏向きでデッキの１番下に置く。	http://lovelive-sic.com/cardlist/cardimages/pr/pr_077_b.jpg	☆	1月17日	1年生		クール	スマイル	―	―	―	―	―
矢澤にこ	PR-078	462	【登場時】あなたのステージにいるメンバーがすべて「にこ」なら、デッキの上からカードを２枚見て、１枚を手札に加えて、１枚を裏向きでデッキの１番下に置く。	http://lovelive-sic.com/cardlist/cardimages/pr/pr_078_b.jpg	☆	7月22日	3年生		ピュア	クール	―	―	―	―	―
高坂穂乃果	PR-079	463	【登場時】カードを１枚引く。	http://lovelive-sic.com/cardlist/cardimages/pr/pr_079_b.jpg	☆	8月3日	2年生		スマイル	スマイル	―	―	―	―	―
南ことり	PR-081	465	【登場時】カードを１枚引く。	http://lovelive-sic.com/cardlist/cardimages/pr/pr_081_b.jpg	☆	9月12日	2年生		クール	クール	―	―	―	―	―
園田海未	PR-082	466	【登場時】カードを１枚引く。	http://lovelive-sic.com/cardlist/cardimages/pr/pr_082_b.jpg	☆	3月15日	2年生		スマイル	スマイル	―	―	―	―	―
高海 千歌	PR-097	553	―	http://lovelive-sic.com/cardlist/cardimages/pr/pr_097_b.jpg	☆	8月1日	2年生		クール	―	―	―	―	LIVE	―
桜内 梨子	PR-098	554	―	http://lovelive-sic.com/cardlist/cardimages/pr/pr_098_b.jpg	☆	9月19日	2年生		ピュア	―	―	―	―	LIVE	―
松浦 果南	PR-099	555	―	http://lovelive-sic.com/cardlist/cardimages/pr/pr_099_b.jpg	☆	2月10日	3年生		スマイル	―	―	―	―	LIVE	―
黒澤 ダイヤ	PR-100	556	―	http://lovelive-sic.com/cardlist/cardimages/pr/pr_100_b.jpg	☆	1月1日	3年生		ピュア	―	―	―	―	LIVE	―
渡辺 曜	PR-101	557	―	http://lovelive-sic.com/cardlist/cardimages/pr/pr_101_b.jpg	☆	4月17日	2年生		スマイル	―	―	―	―	LIVE	―
津島 善子	PR-102	558	―	http://lovelive-sic.com/cardlist/cardimages/pr/pr_102_b.jpg	☆	7月13日	1年生		ピュア	―	―	―	―	LIVE	―
国木田 花丸	PR-103	559	―	http://lovelive-sic.com/cardlist/cardimages/pr/pr_103_b.jpg	☆	3月4日	1年生		クール	―	―	―	―	LIVE	―
小原 鞠莉	PR-104	560	―	http://lovelive-sic.com/cardlist/cardimages/pr/pr_104_b.jpg	☆	6月13日	3年生		クール	―	―	―	―	LIVE	―
黒澤 ルビィ	PR-105	561	―	http://lovelive-sic.com/cardlist/cardimages/pr/pr_105_b.jpg	☆	9月21日	1年生		スマイル	―	―	―	―	LIVE	―
高海 千歌	PR-106	646	【ライブ参加時】このライブにメンバーが６人以上参加するなら、＋【赤】する。	http://lovelive-sic.com/cardlist/cardimages/pr/pr_106_b.jpg	―	8月1日	2年生		スマイル	スマイル	―	―	―	―	夢で夜空を照らしたい
桜内 梨子	PR-107	647	【ライブ参加時】あなたのデッキの残り枚数が２０枚以上あるなら、＋【青】する。	http://lovelive-sic.com/cardlist/cardimages/pr/pr_107_b.jpg	―	9月19日	2年生		クール	クール	―	―	―	―	夢で夜空を照らしたい
渡辺 曜	PR-110	650	【ライブ参加時】あなたのデッキの残り枚数が２０枚以上あるなら、＋【緑】する。	http://lovelive-sic.com/cardlist/cardimages/pr/pr_110_b.jpg	―	4月17日	2年生		ピュア	ピュア	―	―	―	―	夢で夜空を照らしたい
